3,23206,2020-09-16,24,556,1,50175,Электроснабжение,223,225,50175,,0,50175,1,;
3,23215,2020-09-16,24,565,1,25420,Электроснабжение,410,62,25420,,0,25420,1,;
3,75001,2020-09-16,14,529,1,6000,Аванс за услуги связи 9091082396,6000,1,6000,,0,6000,0,;
3,75009,2020-09-16,14,537,1,10000,Аванс за услуги связи 9092626865,10000,1,10000,,0,10000,0,;
3,75025,2020-09-16,14,553,1,20000,Аванс за услуги связи 9089895687,20000,1,20000,,0,20000,0,;
3,35271,2020-09-16,9,157,1,2300,Оплата проезда за наличный расчет,2300,1,2300,2300,2300,0,1,2300;
3,44578,2020-09-16,39,61,3,3500000,Расчет с участником азартной игры,3500000,1,3500000,3500000,0,3500000,1,3500000;
3,51293,2020-09-16,35,276,1,235400,Продление домена zhabinskiy.me на 1 год по тарифу Эконом,53600,1,53600,181800,0,235400,1,181800;
3,23239,2020-09-16,24,589,1,48112,ГВС в целях содержания о.и МКД,19,31,589,,0,48112,1,;
3,238039,2020-09-16,388,423,1,9000,Перевозка пассажиров и багажа,9000,1,9000,9000,0,9000,1,9000;
3,88576,2020-09-16,277,202,1,38300,""Чипсы Lays Молодой Зеленый лук 50г фл/п :28 Фрито Лей шт"",4200,1,4200,,38300,0,1,;
3,45219,2020-09-16,74,36,1,9800,""Хачапури с сыром 93"",4900,2,9800,,0,9800,1,;
3,26880,2020-09-16,643,41,1,31412,КПГ,1890,16.62,31412,,31412,0,1,;
3,187621,2020-09-16,833,8,1,112182,Сигареты Bond Street Compact Blue,12200,1,12200,,0,112182,1,;
3,64387,2020-09-16,375,82,1,80100,Сок innocent мультифруктовый п,42110,1,42110,,0,80100,1,;
3,130461,2020-09-16,70,108,1,2500,Оплата проезда за наличный расчёт,2500,1,2500,2500,2500,0,4,2500;
3,130521,2020-09-16,70,168,1,2500,Оплата проезда за наличный расчёт,2500,1,2500,2500,2500,0,4,2500;
3,72857,2020-09-16,338,220,1,17500,[М] Сигареты Marlboro Gold Origina,17500,1,17500,,0,17500,1,;
3,51301,2020-09-16,35,284,1,74700,""Продление лицензии ISPmanager Lite 5 37.140.199.147 для сервера """"Blue Cobaltum"""" на 3 месяца"",74700,1,74700,,0,0,1,;
3,51305,2020-09-16,35,288,1,19900,Регистрация домена com-wa.ru на 1 год,15000,1,15000,4900,0,19900,1,4900;
3,35312,2020-09-16,9,198,1,2300,Оплата проезда за наличный расчет,2300,1,2300,2300,2300,0,1,2300;
3,53249,2020-09-16,19,410,1,1350,Лицензия на использование ПО сайта checkyour.name,1350,1,1350,,0,1350,1,;
3,23249,2020-09-16,24,599,1,164542,Обращение с ТКО,546611,0.018,9839,,0,164542,1,;
3,75053,2020-09-16,14,581,1,5000,Аванс за услуги связи 9058899485,5000,1,5000,,0,5000,0,;
3,75071,2020-09-16,14,599,1,100000,Аванс за услуги связи 9659965421,100000,1,100000,,0,100000,0,;
3,75090,2020-09-16,14,618,1,5000,Аванс за услуги связи 9064339081,5000,1,5000,,0,5000,0,;
3,238054,2020-09-16,388,438,1,8300,Перевозка пассажиров и багажа,8300,1,8300,8300,0,8300,1,8300;
3,238072,2020-09-16,388,456,1,14500,Перевозка пассажиров и багажа,14500,1,14500,14500,0,14500,1,14500;
3,38453,2020-09-16,185,4,1,39900,Слойка Венский конвертик вишня,4360,1,4360,,0,39900,1,;
3,75578,2020-09-16,14,1013,1,50000,Аванс за услуги связи 9510023099,50000,1,50000,,0,50000,0,;
3,76295,2020-09-16,14,875,1,5000,Аванс за услуги связи 9644431175,5000,1,5000,,0,5000,0,;
3,76314,2020-09-16,14,894,1,10000,Аванс за услуги связи 9069450090,10000,1,10000,,0,10000,0,;
3,97005,2020-09-16,16,565,1,2400,Поездка №200826-82837450-261-0281,2400,1,2400,2400,2400,0,8,2400;
3,97019,2020-09-16,16,579,1,2400,Поездка №200826-82837449-257-0324,2400,1,2400,2400,2400,0,8,2400;
3,97040,2020-09-16,16,600,1,2400,Поездка №200826-82837448-178-0475,2400,1,2400,2400,2400,0,8,2400;
3,97065,2020-09-16,16,625,1,2400,Поездка №200820-82841453-155-0311,2400,1,2400,2400,0,2400,8,2400;
3,174344,2020-09-16,361,192,1,45200,Бургер с говядиной и горчицей 205г,10494,2,20988,,0,45200,1,;
3,23530,2020-09-16,34,41,1,5000,Пополнение Лицевого счета,5000,1,5000,,0,5000,1,;
3,238073,2020-09-16,388,457,1,20600,Расширенный уровень подписки Яндекс.Плюс,2100,1,2100,18500,0,20600,1,18500;
3,95983,2020-09-16,24,151,1,2300,Оплата проезда за наличный расчет,2300,1,2300,2300,2300,0,1,2300;
3,95992,2020-09-16,24,160,1,2300,Оплата проезда за наличный расчет,2300,1,2300,2300,2300,0,1,2300;
3,130568,2020-09-16,70,215,1,2500,Оплата проезда за наличный расчёт,2500,1,2500,2500,2500,0,4,2500;
3,130573,2020-09-16,70,220,1,5500,Оплата проезда за наличный расчёт,5500,1,5500,5500,5500,0,4,5500;
3,238086,2020-09-16,388,470,1,210400,Перевозка пассажиров и багажа,210400,1,210400,210400,0,210400,1,210400;
3,53264,2020-09-16,19,425,1,1350,Лицензия на использование ПО сайта checkyour.name,1350,1,1350,,0,1350,1,;
3,53297,2020-09-16,19,458,1,1350,Лицензия на использование ПО сайта checkyour.name,1350,1,1350,,0,1350,1,;
3,33848,2020-09-16,314,16,1,25800,""Вода пит. Святой источник 0.5л газ ПЭТ"",8000,1,8000,25800,25800,0,8,25800;
3,18519,2020-09-16,311,8,1,27000,Энергетический напиток Red Bull 0.25л,19000,1,19000,27000,0,27000,8,27000;
3,238102,2020-09-16,388,486,1,9900,Перевозка пассажиров и багажа,9900,1,9900,9900,0,9900,1,9900;
3,53299,2020-09-16,19,460,1,1350,Лицензия на использование ПО сайта checkyour.name,1350,1,1350,,0,1350,1,;
3,53300,2020-09-16,19,461,1,1350,Лицензия на использование ПО сайта checkyour.name,1350,1,1350,,0,1350,1,;
3,75091,2020-09-16,14,619,1,2000,Аванс за услуги связи 9619979056,2000,1,2000,,0,2000,0,;
3,75125,2020-09-16,14,653,1,20000,Аванс за услуги связи 9681406579,20000,1,20000,,0,20000,0,;
3,75129,2020-09-16,14,657,1,150000,Аванс за услуги связи 9621039094,150000,1,150000,,0,150000,0,;
3,161923,2020-09-16,142,30,2,217895,АИ-95-К5/G-Drive-95,5030,29.82,149995,,0,217895,1,;
3,59450,2020-09-16,210,63,1,17990,009239:чипсы Кракс сыр 160г (НДС 20%),17990,1,17990,,17990,0,1,;
3,19844,2020-09-16,360,114,1,66533,ГАЗ(суг) Колонка 2,2250,29.57,66533,,66533,0,4,;
3,88485,2020-09-16,515,23,1,3800,Кофе 3в1,2700,1,2700,3800,3800,0,8,3800;
3,23038,2020-09-16,271,12,1,1434,Перец Болгарский зеленый,4690,0.116,544,1434,1434,0,8,1434;
3,11811,2020-09-16,132,3,1,10400,Пирожок с картофелем,2600,4,10400,10400,10400,0,2,10400;
3,238110,2020-09-16,388,494,1,10200,Перевозка пассажиров и багажа,10200,1,10200,10200,0,10200,1,10200;
3,11812,2020-09-16,132,4,1,3300,однораз.стакан 250мл бкмажн..,1100,1,1100,3300,0,3300,2,3300;
3,109885,2020-09-16,140,33,1,111000,""Нап DC б/а н.газ лим вит ПЭТ 0.5л"",5500,1,5500,,0,111000,1,;
3,24522,2020-09-16,26,446,1,85582,Водоотведение,6396,2.675,17109,,0,85582,1,;
3,76331,2020-09-16,14,911,1,10000,Аванс за услуги связи 9649341426,10000,1,10000,,0,10000,0,;
3,76341,2020-09-16,14,921,1,5000,Аванс за услуги связи 9635281797,5000,1,5000,,0,5000,0,;
3,76363,2020-09-16,14,943,1,13000,Аванс за услуги связи 9648215468,13000,1,13000,,0,13000,0,;
3,163593,2020-09-16,467,187,1,134600,Напит б/а ЧЕРНОГОЛОВКА Дюшес с/газ.2L,5989,1,5989,,134600,0,1,;
3,211848,2020-09-16,307,11,1,22500,Вода питьевая Шифа Су б/г 5л,6600,1,6600,,22500,0,1,;
3,238124,2020-09-16,388,508,1,2300,Перевозка пассажиров и багажа,2300,1,2300,2300,0,2300,1,2300;
3,24580,2020-09-16,26,504,1,39730,Обращение с ТКО,7946,5,39730,,0,39730,1,;
3,24585,2020-09-16,26,509,1,3828,Электроснабжение,319,12,3828,,0,3828,1,;
3,75138,2020-09-16,14,666,1,10000,Аванс за услуги связи 9031231660,10000,1,10000,,0,10000,0,;
3,75145,2020-09-16,14,673,1,5000,Аванс за услуги связи 9624742769,5000,1,5000,,0,5000,0,;
3,75168,2020-09-16,14,696,1,10000,Аванс за услуги связи 9626287768,10000,1,10000,,0,10000,0,;
3,130607,2020-09-16,70,254,1,2500,Оплата проезда за наличный расчёт,2500,1,2500,2500,2500,0,4,2500;
3,130649,2020-09-16,70,296,1,2500,Оплата проезда за наличный расчёт,2500,1,2500,2500,2500,0,4,2500;
3,24601,2020-09-16,26,525,1,116187,Отопление,177385,0.655,116187,,0,116187,1,;
3,238149,2020-09-16,388,533,1,19800,Перевозка пассажиров и багажа,19800,1,19800,19800,0,19800,1,19800;
3,24612,2020-09-16,26,536,1,93008,Отопление,173206,0.432,74825,,0,93008,1,;
3,97116,2020-09-16,16,676,1,2400,Поездка №200822-82837448-174-0268,2400,1,2400,2400,2400,0,8,2400;
3,97140,2020-09-16,16,700,1,2400,Поездка №200823-82837450-258-0012,2400,1,2400,2400,2400,0,8,2400;
3,24614,2020-09-16,26,538,1,217231,Обращение с ТКО,570362,0.069,39355,,0,217231,1,;
3,109886,2020-09-16,140,34,1,99952,АИ-95-К5/АИ-95,4890,20.44,99952,,99952,0,1,;
3,2217,2020-09-16,26,56,1,64000,Брускетта с ростбифом,13000,1,13000,64000,0,64000,4,64000;
3,238164,2020-09-16,388,548,1,8400,Перевозка пассажиров и багажа,8400,1,8400,8400,0,8400,1,8400;
3,53305,2020-09-16,19,466,1,1350,Лицензия на использование ПО сайта checkyour.name,1350,1,1350,,0,1350,1,;
3,53318,2020-09-16,19,479,1,1500,Лицензия на использование ПО сайта checkyour.name,1500,1,1500,,0,1500,1,;
3,53326,2020-09-16,19,487,1,1350,Лицензия на использование ПО сайта checkyour.name,1350,1,1350,,0,1350,1,;
3,53336,2020-09-16,19,497,1,1350,Лицензия на использование ПО сайта checkyour.name,1350,1,1350,,0,1350,1,;
3,2221,2020-09-16,26,60,1,259000,Шляпки шампиньонов,19000,1,19000,259000,0,259000,4,259000;
3,76386,2020-09-16,14,966,1,10000,Аванс за услуги связи 9612333120,10000,1,10000,,0,10000,0,;
3,76400,2020-09-16,14,980,1,60000,Аванс за услуги связи 9084608860,60000,1,60000,,0,60000,0,;
3,76423,2020-09-16,14,1003,1,15000,Аванс за услуги связи 9084506943,15000,1,15000,,0,15000,0,;
3,92367,2020-09-16,298,240,1,5200,Пиво Соболек 0.5л.алк.6% ст.<66781>,5200,1,5200,5200,5200,0,8,5200;
3,27750,2020-09-16,167,1,1,17286,""Ветчина вареная """"Алексеевская"""" п/а (7)(кг)"",40200,0.43,17286,,17286,0,8,;
3,53370,2020-09-16,19,531,1,1350,Лицензия на использование ПО сайта checkyour.name,1350,1,1350,,0,1350,1,;
3,238171,2020-09-16,388,555,1,8100,Перевозка пассажиров и багажа,8100,1,8100,8100,0,8100,1,8100;
3,5488,2020-09-16,109,116,1,85493,""Напиток """"Вишня в дубе"""" 1л."",9400,2,18800,0,85493,0,8,0;
3,111505,2020-09-16,130,1327,1,28600,""СИГАРЕТЫ WINSTON XSTYLE BLUE 1 пач."",14300,2,28600,,0,28600,1,;
3,238209,2020-09-16,388,593,1,23900,Перевозка пассажиров и багажа,23900,1,23900,23900,0,23900,1,23900;
3,97199,2020-09-16,16,759,1,2400,Поездка №200824-82765825-041-0166,2400,1,2400,2400,2400,0,8,2400;
3,97243,2020-09-16,16,803,1,2400,Поездка №200824-82837450-259-0781,2400,1,2400,2400,0,2400,8,2400;
3,130665,2020-09-16,70,312,1,2500,Оплата проезда за наличный расчёт,2500,1,2500,2500,2500,0,4,2500;
3,130734,2020-09-16,70,381,1,2500,Оплата проезда за наличный расчёт,2500,1,2500,2500,2500,0,4,2500;
3,209916,2020-09-16,147,2,1,24882,Электроснабжение,319,78,24882,,0,24882,1,;
3,209920,2020-09-16,147,6,1,62322,Водоотведение,5755,6,34530,,0,62322,1,;
3,209974,2020-09-16,147,60,1,37310,Электроснабжение,410,91,37310,,0,37310,1,;
3,209975,2020-09-16,147,61,1,47053,Электроотопление,223,211,47053,,0,47053,1,;
3,209984,2020-09-16,147,70,1,33714,Электроснабжение,410,82.23,33714,,0,33714,1,;
3,209987,2020-09-16,147,73,1,34353,Электроснабжение,223,154.05,34353,,0,34353,1,;
3,209989,2020-09-16,147,75,1,8697,Электроснабжение,223,39,8697,,0,8697,1,;
3,210010,2020-09-16,147,96,1,117604,Отопление,173457,0.678,117604,,0,117604,1,;
3,210018,2020-09-16,147,104,1,41000,Электроснабжение,410,100,41000,,0,41000,1,;
3,210049,2020-09-16,147,135,1,56580,Электроснабжение,410,138,56580,,0,56580,1,;
3,75625,2020-09-16,14,804,1,50000,Аванс за услуги связи 9055756671,50000,1,50000,,0,50000,0,;
3,75626,2020-09-16,14,805,1,5000,Аванс за услуги связи 9672833410,5000,1,5000,,0,5000,0,;
3,75641,2020-09-16,14,820,1,2967,Аванс за услуги связи 9060364633,2967,1,2967,,0,2967,0,;
3,24616,2020-09-16,26,540,1,96696,Обращение с ТКО,562229,0.035,19678,,0,96696,1,;
3,53400,2020-09-16,19,561,1,1350,Лицензия на использование ПО сайта checkyour.name,1350,1,1350,,0,1350,1,;
3,53405,2020-09-16,19,566,1,1500,Лицензия на использование ПО сайта checkyour.name,1500,1,1500,,0,1500,1,;
3,8552,2020-09-16,80,84,1,100000,Прием ставки                            ,100000,1,100000,100000,100000,0,1,100000;
3,213360,2020-09-16,73,141,1,100000,Услуга организации заключения пари,100000,1,100000,,0,100000,1,;
3,6339,2020-09-16,181,4,1,10000,Доктор Пеппер,10000,1,10000,10000,0,10000,4,10000;
3,20887,2020-09-16,208,51,1,32000,Блин Жюльен пор 1 порц.,32000,1,32000,0,0,32000,4,0;
3,130737,2020-09-16,70,384,1,2500,Оплата проезда за наличный расчёт,2500,1,2500,2500,2500,0,4,2500;
3,130747,2020-09-16,70,394,1,2500,Оплата проезда за наличный расчёт,2500,1,2500,2500,2500,0,4,2500;
3,6148,2020-09-16,85,60,1,37000,""Балтика 7 5.4% 0.47л ст/б Балтика Пиво(бут)"",5500,3,16500,37000,37000,0,8,37000;
3,238215,2020-09-16,388,599,1,44200,Расширенный уровень подписки Яндекс.Плюс,4500,1,4500,39700,0,44200,1,39700;
3,238258,2020-09-16,388,642,1,13500,Перевозка пассажиров и багажа,13500,1,13500,13500,0,13500,1,13500;
3,83750,2020-09-16,175,15,1,57800,""Напиток б/а АДРЕНАЛИН РАШ энергетический ж/б 0.449 л"",13500,4,54000,,57800,0,1,;
3,95237,2020-09-16,285,327,1,17100,""Пиво """"Эсса"""" апельсин и вишня 6.5% 0.45 л с/б"",8400,1,8400,17100,17100,0,8,17100;
3,75665,2020-09-16,14,844,1,1500,Аванс за услуги связи 9084646137,1500,1,1500,,0,1500,0,;
3,75683,2020-09-16,14,862,1,10000,Аванс за услуги связи 9059848096,10000,1,10000,,0,10000,0,;
3,75692,2020-09-16,14,871,1,20000,Аванс за услуги связи 9659966274,20000,1,20000,,0,20000,0,;
3,213375,2020-09-16,73,156,1,100000,Услуга организации заключения пари,100000,1,100000,,0,100000,1,;
3,16333,2020-09-16,118,247,1,152100,""Пакет """"ПитьКофе"""""",0,1,0,152100,0,152100,2,152100;
3,193053,2020-09-16,121,101,1,240000,Услуги ЖКХ по ЛС 4120120071,240000,1,240000,240000,0,240000,1,240000;
3,97251,2020-09-16,16,811,1,2400,Поездка №200824-82837449-255-0782,2400,1,2400,2400,2400,0,8,2400;
3,97296,2020-09-16,16,856,1,2400,Поездка №200825-82837448-177-0113,2400,1,2400,2400,0,2400,8,2400;
3,97316,2020-09-16,16,876,1,2400,Поездка №200825-82837448-177-0239,2400,1,2400,2400,2400,0,8,2400;
3,97318,2020-09-16,16,878,1,2400,Поездка №200825-82837453-261-0268,2400,1,2400,2400,2400,0,8,2400;
3,24684,2020-09-16,26,608,1,3190,Электроснабжение,319,10,3190,,0,3190,1,;
3,24720,2020-09-16,26,644,1,13950,ГВС-холодная вода,13950,1,13950,,0,13950,1,;
3,95238,2020-09-16,285,328,1,19200,""Майка ТЦ """"Южный"""""",600,1,600,19200,19200,0,8,19200;
3,54771,2020-09-16,530,23,1,11300,ЛД компакт LOUNGE,11300,1,11300,0,11300,0,8,0;
3,130754,2020-09-16,70,401,1,2500,Оплата проезда за наличный расчёт,2500,1,2500,2500,2500,0,4,2500;
3,15936,2020-09-16,125,93,1,23400,Лейз  150 г. в ассортименте,11700,1,11700,23400,0,23400,8,23400;
3,52526,2020-09-16,16,414,1,1350,Лицензия на использование ПО сайта checkyour.name,1350,1,1350,,0,1350,1,;
3,52534,2020-09-16,16,422,1,1350,Лицензия на использование ПО сайта checkyour.name,1350,1,1350,,0,1350,1,;
3,52551,2020-09-16,16,439,1,1350,Лицензия на использование ПО сайта checkyour.name,1350,1,1350,,0,1350,1,;
3,52570,2020-09-16,16,458,1,1500,Лицензия на использование ПО сайта checkyour.name,1500,1,1500,,0,1500,1,;
3,95999,2020-09-16,24,167,1,2300,Оплата проезда за наличный расчет,2300,1,2300,2300,2300,0,1,2300;
3,96000,2020-09-16,24,168,1,2300,Оплата проезда за наличный расчет,2300,1,2300,2300,2300,0,1,2300;
3,96001,2020-09-16,24,169,1,2300,Оплата проезда за наличный расчет,2300,1,2300,2300,2300,0,1,2300;
3,96014,2020-09-16,24,182,1,2300,Оплата проезда за наличный расчет,2300,1,2300,2300,2300,0,1,2300;
3,96023,2020-09-16,24,191,1,2300,Оплата проезда банковской картой,2300,1,2300,2300,0,2300,1,2300;
3,32587,2020-09-16,30,537,1,29824,Электроэнергия по л/с №4366837195,29824,1,29824,,0,29824,1,;
3,32623,2020-09-16,30,573,1,71764,Электроэнергия по л/с №4369612766,71764,1,71764,,0,71764,1,;
3,32626,2020-09-16,30,576,1,30756,Электроэнергия по л/с №4290249037,30756,1,30756,,0,30756,1,;
3,33370,2020-09-16,30,407,1,41940,Электроэнергия по л/с №4271927589,41940,1,41940,,0,41940,1,;
3,33373,2020-09-16,30,410,1,130677,Электроэнергия по л/с №6005169319,130677,1,130677,,0,130677,1,;
3,33389,2020-09-16,30,426,1,29591,Электроэнергия по л/с №4306641372,29591,1,29591,,0,29591,1,;
3,33393,2020-09-16,30,430,1,3262,Электроэнергия по л/с №4181700829,3262,1,3262,,0,3262,1,;
3,33402,2020-09-16,30,439,1,3000,Электроэнергия по л/с №4348942639,3000,1,3000,,0,3000,1,;
3,33434,2020-09-16,30,471,1,23292,Электроэнергия по л/с №4197715233,23292,1,23292,,0,23292,1,;
3,193059,2020-09-16,121,107,1,230177,Услуги ЖКХ по ЛС 4580510994,230177,1,230177,230177,0,230177,1,230177;
3,10609,2020-09-16,79,183,1,50000,Прием ставки                            ,50000,1,50000,50000,0,50000,1,50000;
3,75702,2020-09-16,14,881,1,5000,Аванс за услуги связи 9631714177,5000,1,5000,,0,5000,0,;
3,75713,2020-09-16,14,892,1,8900,Аванс за услуги связи 9623385753,8900,1,8900,,0,8900,0,;
3,75720,2020-09-16,14,899,1,35000,Аванс за услуги связи 9098107682,35000,1,35000,,0,35000,0,;
3,97320,2020-09-16,16,880,1,2400,Поездка №200825-82841455-275-0193,2400,1,2400,2400,2400,0,8,2400;
3,97334,2020-09-16,16,894,1,2400,Поездка №200825-82841454-261-0498,2400,1,2400,2400,2400,0,8,2400;
3,238259,2020-09-16,388,643,1,11600,Перевозка пассажиров и багажа,11600,1,11600,11600,0,11600,1,11600;
3,52590,2020-09-16,16,478,1,1350,Лицензия на использование ПО сайта checkyour.name,1350,1,1350,,0,1350,1,;
3,52607,2020-09-16,16,495,1,1350,Лицензия на использование ПО сайта checkyour.name,1350,1,1350,,0,1350,1,;
3,26002,2020-09-16,127,209,1,500,Пакет Майка,500,1,500,500,500,0,8,500;
3,32374,2020-09-16,49,13,1,25800,БАТОН ПЕРВЫМ ДЕЛОМ НОВЫЙ380/40,1400,1,1400,,25800,0,1,;
3,33731,2020-09-16,472,59,1,34894,""Чешское оригинальное (Чешское оригинальное 1.0)"",12200,2,24400,,34894,0,8,;
3,163375,2020-09-16,462,293,1,11700,Арахис ЛЕНТА подсоленный жареный 200г,7702,1,7702,,11700,0,1,;
3,238326,2020-09-16,388,710,1,16700,Перевозка пассажиров и багажа,16700,1,16700,16700,0,16700,1,16700;
3,24738,2020-09-16,26,662,1,6380,Электроснабжение,319,20,6380,,0,6380,1,;
3,24753,2020-09-16,26,677,1,23540,Электроснабжение.,428,55,23540,,0,23540,1,;
3,20307,2020-09-16,183,6,1,30500, Говядина с черносливом с гарниром 75/100/150,13000,1,13000,,0,30500,1,;
3,75178,2020-09-16,14,706,1,30000,Аванс за услуги связи 9067186262,30000,1,30000,,0,30000,0,;
3,75208,2020-09-16,14,736,1,5000,Аванс за услуги связи 9649968057,5000,1,5000,,0,5000,0,;
3,75224,2020-09-16,14,752,1,52000,Аванс за услуги связи 9649248863,52000,1,52000,,0,52000,0,;
3,75249,2020-09-16,14,777,1,2200,Аванс за услуги связи 9674332925,2200,1,2200,,0,2200,0,;
3,75254,2020-09-16,14,782,1,10000,Аванс за услуги связи 9649545447,10000,1,10000,,0,10000,0,;
3,75260,2020-09-16,14,788,1,20000,Аванс за услуги связи 9663204757,20000,1,20000,,0,20000,0,;
3,75266,2020-09-16,14,794,1,4000,Аванс за услуги связи 9069829699,4000,1,4000,,0,4000,0,;
3,75274,2020-09-16,14,802,1,20000,Аванс за услуги связи 9629454805,20000,1,20000,,0,20000,0,;
3,75296,2020-09-16,14,824,1,50000,Аванс за услуги связи 9051764065,50000,1,50000,,0,50000,0,;
3,75297,2020-09-16,14,825,1,2000,Аванс за услуги связи 9607583329,2000,1,2000,,0,2000,0,;
3,1586,2020-09-16,6,231,1,22400,Яйцо Столовое куриное 1 сорт (10шт),5900,1,5900,22400,0,22400,8,22400;
3,75805,2020-09-16,14,457,1,20000,Аванс за услуги связи 9050685028,20000,1,20000,,0,20000,0,;
3,75844,2020-09-16,14,496,1,5000,Аванс за услуги связи 9056175505,5000,1,5000,,0,5000,0,;
3,75848,2020-09-16,14,500,1,5000,Аванс за услуги связи 9096067732,5000,1,5000,,0,5000,0,;
3,134967,2020-09-16,124,54,1,99995,Аи-92-К5/АИ-92,4380,22.83,99995,,99995,0,1,;
3,11000,2020-09-16,79,184,1,50000,Прием ставки                            ,50000,1,50000,50000,0,50000,1,50000;
3,97355,2020-09-16,16,915,1,2400,Поездка №200825-82837448-177-0529,2400,1,2400,2400,0,2400,8,2400;
3,97379,2020-09-16,16,939,1,2400,Поездка №200825-82837454-269-0634,2400,1,2400,2400,2400,0,8,2400;
3,52619,2020-09-16,16,507,1,1350,Лицензия на использование ПО сайта checkyour.name,1350,1,1350,,0,1350,1,;
3,52625,2020-09-16,16,513,1,1350,Лицензия на использование ПО сайта checkyour.name,1350,1,1350,,0,1350,1,;
3,75943,2020-09-16,14,595,1,5000,Аванс за услуги связи 9031868983,5000,1,5000,,0,5000,0,;
3,41894,2020-09-16,273,5,1,166000,Печенье Песочное Кольцо орехов,7200,2,14400,,0,166000,1,;
3,111015,2020-09-16,276,82,1,17900,""Сигареты """"Винстон  ХСтаил Блю""""(шт.)"",14300,1,14300,17900,17900,0,8,17900;
3,17748,2020-09-16,256,49,1,86700, ,86700,1,86700,86700,0,86700,8,86700;
3,28439,2020-09-16,99,85,1,856800,Пополнение баланса №543645,856800,1,856800,,0,856800,1,;
3,25874,2020-09-16,122,189,1,8700,Нап. СР,7800,1,7800,8700,8700,0,8,8700;
3,11833,2020-09-16,39,1493,1,7500,КОКА-КОЛА СР.,7500,1,7500,,7500,0,1,;
3,2328,2020-09-16,41,17,1,34500,БИГ МАК,13500,2,27000,,0,34500,1,;
3,2330,2020-09-16,41,19,1,27800,ЛАТТЕ ГРАНД,10900,1,10900,,0,27800,1,;
3,75751,2020-09-16,14,930,1,10000,Аванс за услуги связи 9674011504,10000,1,10000,,0,10000,0,;
3,75756,2020-09-16,14,935,1,40000,Аванс за услуги связи 9020671807,40000,1,40000,,0,40000,0,;
3,76057,2020-09-16,14,838,1,6000,Аванс за услуги связи 9064491332,6000,1,6000,,0,6000,0,;
3,24799,2020-09-16,26,723,1,40513,Электроснабжение,319,127,40513,,0,40513,1,;
3,24805,2020-09-16,26,729,1,28710,Электроснабжение,319,90,28710,,0,28710,1,;
3,24834,2020-09-16,26,758,1,33176,Электроснабжение,319,104,33176,,0,33176,1,;
3,24841,2020-09-16,26,765,1,231079,Отопление,177480,1.302,231079,,0,231079,1,;
3,13744,2020-09-16,593,5,1,44000,Продажа багажа,44000,1,44000,44000,44000,0,1,44000;
3,238837,2020-09-16,265,918,1,61400, Дог: 552013934; За Жку,61400,1,61400,,0,61400,1,
3,238839,2020-09-16,265,920,1,62700, Дог: 552010011; За Жку,62700,1,62700,,0,62700,1,
3,238888,2020-09-16,265,969,1,71380, Дог: 552004647; За Жку,71380,1,71380,,0,71380,1,
3,238896,2020-09-16,265,977,1,74223, Дог: 552001373; За Жку,74223,1,74223,,0,74223,1,
3,238904,2020-09-16,265,985,1,75000, Дог: 552003789; За Жку,75000,1,75000,,0,75000,1,
3,13473,2020-09-16,255,26,1,21400,""Пиво Старый мельник из бочонка мягкое светлое 0.45л. с/т"",10000,1,10000,21400,0,21400,8,21400;
3,50825,2020-09-16,388,102,1,21100,""Пиво Жигулёвское 2 4% 1.35 л ПЭТ"",10900,1,10900,21100,21100,0,8,21100;
3,117709,2020-09-16,981,1,1,99200,Пельмени Элитные 450г ИП Медведева,22300,1,22300,99200,99200,0,8,99200;
3,106997,2020-09-16,406,15,1,14300,Сигареты Winston XStyle Silver,14300,1,14300,,14300,0,8,;
3,39043,2020-09-16,409,60,1,79600,""Бутылка 1.5л"",900,3,2700,,0,79600,8,;
3,219101,2020-09-16,816,76,1,5300,""Напиток сокосодержащий Мой гранат-виноград  0.95л"",5300,1,5300,5300,5300,0,8,5300;
3,219103,2020-09-16,816,78,1,55500,""Нап.без/алк. негаз.""""Холодный чай """"Липтон"""" лимон 1л."",8500,1,8500,55500,55500,0,8,55500;
3,219105,2020-09-16,816,80,1,5500,""Пряники  с вар. сгущенкой """"Яшкино"""" 350гр./Рос"",5500,1,5500,5500,5500,0,8,5500;
3,172433,2020-09-16,448,518,1,16300,Сигареты Kent  HD Blue,16300,1,16300,,16300,0,1,;
3,172443,2020-09-16,448,528,1,14000,Кофе Американо средний 300 мл Примо,14000,1,14000,,14000,0,1,;
3,15118,2020-09-16,71,102,1,33000,Толстолобик на шпажке,15000,1,15000,,33000,0,8,;
3,15120,2020-09-16,71,104,1,8500,Газ. напиток 1л,8500,1,8500,,8500,0,8,;
3,2473,2020-09-16,109,13,1,205000,""Вино игристое ZB MOSCATO полусладкое розовое 0.75л бут"",90000,1,90000,205000,205000,0,4,205000;
3,2474,2020-09-16,109,14,1,118000,""Вино игристое ZB MOSCATO полусладкое белое 0.75л бут"",90000,1,90000,118000,118000,0,4,118000;
3,1296,2020-09-16,30,429,1,53700,Лапша куриная,18400,2,36800,0,0,53700,8,0;
3,74448,2020-09-16,404,1,1,25800,Сигареты Rothmans Demi Click,12900,1,12900,,0,25800,1,;
3,3298,2020-09-16,348,1,1,356000,Доставка,71900,1,71900,,0,356000,1,;
3,55476,2020-09-16,358,13,1,42600,ТРК-1 АИ-92-К5 ТАНЕКО ЕВРО6,4260,10,42600,,0,42600,1,;
3,11002,2020-09-16,79,186,1,300000,Прием ставки                            ,300000,1,300000,300000,300000,0,1,300000;
3,107957,2020-09-16,452,224,1,10900,Товар,10900,1,10900,10900,0,10900,4,10900;
3,24853,2020-09-16,26,777,1,85223,Электроснабжение,410,207.861,85223,,0,85223,1,;
3,24866,2020-09-16,26,790,1,27880,Электроснабжение,410,68,27880,,0,27880,1,;
3,238908,2020-09-16,265,989,1,75261, Дог: 552011065; За Жку,75261,1,75261,,0,75261,1,
3,238914,2020-09-16,265,995,1,76800, Дог: 552007568; За Жку,76800,1,76800,,0,76800,1,
3,238923,2020-09-16,265,1004,1,78300, Дог: 552003986; За Жку,78300,1,78300,,0,78300,1,
3,24899,2020-09-16,26,823,1,55350,Электроснабжение,410,135,55350,,0,55350,1,;
3,24905,2020-09-16,26,829,1,146874,Отопление,173405,0.847,146874,,0,146874,1,;
3,238348,2020-09-16,388,732,1,11500,Перевозка пассажиров и багажа,11500,1,11500,,0,11500,1,;
3,75950,2020-09-16,14,602,1,5000,Аванс за услуги связи 9031716833,5000,1,5000,,0,5000,0,;
3,238440,2020-09-16,388,824,1,14200,Перевозка пассажиров и багажа,14200,1,14200,14200,0,14200,1,14200;
3,52665,2020-09-16,16,553,1,1350,Лицензия на использование ПО сайта checkyour.name,1350,1,1350,,0,1350,1,;
3,52697,2020-09-16,16,585,1,1350,Лицензия на использование ПО сайта checkyour.name,1350,1,1350,,0,1350,1,;
3,54429,2020-09-16,23,444,1,1350,Лицензия на использование ПО сайта checkyour.name,1350,1,1350,,0,1350,1,;
3,54444,2020-09-16,23,459,1,1350,Лицензия на использование ПО сайта checkyour.name,1350,1,1350,,0,1350,1,;
3,39103,2020-09-16,40,998,1,12400,КАПУЧИНО БОЛЬШОЙ,9900,1,9900,,0,12400,1,;
3,238460,2020-09-16,388,844,1,15800,Перевозка пассажиров и багажа,15800,1,15800,15800,0,15800,1,15800;
3,238482,2020-09-16,388,866,1,18600,Перевозка пассажиров и багажа,18600,1,18600,18600,0,18600,1,18600;
3,24906,2020-09-16,26,830,1,25420,Электроснабжение,410,62,25420,,0,25420,1,;
3,23401,2020-09-16,26,433,1,186829,Водоотведение,1877,5,9385,,0,186829,1,;
3,54452,2020-09-16,23,467,1,1350,Лицензия на использование ПО сайта checkyour.name,1350,1,1350,,0,1350,1,;
3,54469,2020-09-16,23,484,1,1350,Лицензия на использование ПО сайта checkyour.name,1350,1,1350,,0,1350,1,;
3,97405,2020-09-16,16,965,1,2400,Поездка №200825-82837453-261-0848,2400,1,2400,2400,2400,0,8,2400;
3,97432,2020-09-16,16,992,1,2400,Поездка №200826-82837449-257-0088,2400,1,2400,2400,0,2400,8,2400;
3,97447,2020-09-16,16,1007,1,2400,Поездка №200826-82765825-043-0172,2400,1,2400,2400,2400,0,8,2400;
3,97475,2020-09-16,16,1035,1,2400,Поездка №200826-82765825-043-0307,2400,1,2400,2400,2400,0,8,2400;
3,54481,2020-09-16,23,496,1,1350,Лицензия на использование ПО сайта checkyour.name,1350,1,1350,,0,1350,1,;
3,54483,2020-09-16,23,498,1,1500,Лицензия на использование ПО сайта checkyour.name,1500,1,1500,,0,1500,1,;
3,1416,2020-09-14,9,2,1,8000,Римантадин тбл. 0.05г №20 Усолье,4000,2,8000,0,8000,0,8,0;
3,73706,2020-09-14,89,92,1,50000,Аванс за услуги связи 9293484609,50000,1,50000,,0,50000,1,;
3,73710,2020-09-14,89,96,1,5000,Аванс за услуги связи 9270644660,5000,1,5000,,0,5000,1,;
3,134479,2020-09-14,329,195,1,50700,Каша молочная ячневая с маслом,4800,1,4800,,0,50700,1,;
3,134491,2020-09-14,329,207,1,31500,Цыплята жареные 1/150,13000,2,26000,,0,31500,1,;
3,107141,2020-09-14,413,55,1,18200,<А> Колбаса Кремлевская с грудинкой 1кг п/к Влад стандарт,28990,0.356,10320,,18200,0,1,;
3,130682,2020-09-14,229,47,1,39170,Круггетсы Горячая штучка 250г с/м сочные с мясом,6990,1,6990,,0,39170,1,;
3,67899,2020-09-14,227,40,1,30100,Гигиена Маски в индивидуальной упаковке 50 г/кв.м,1900,1,1900,,30100,0,1,;
3,28802,2020-09-14,79,19,1,4900,ПП Сникерс батончик Криспер 7*24*(3*20г) 007901513,4900,1,4900,,4900,0,1,;
3,53216,2020-09-14,86,67,1,3697,""Вода """"%"""" питьевая 0.6л газ"",1099,1,1099,,0,3697,1,;
3,183125,2020-09-14,41,1214,1,60000,Аванс за услуги связи 9269562062,60000,1,60000,,0,60000,1,;
3,183134,2020-09-14,41,1223,1,38000,Аванс за услуги связи 9272767422,38000,1,38000,,0,38000,1,;
,4606,2020-09-14,36,11,1,6000,Торнадо Макс 1л,6000,1,6000,6000,6000,0,8,6000;
3,17680,2020-09-14,48,8,1,100,""Пакет """"Спасибо за покупку"""""",100,1,100,100,0,100,8,100;
3,27346,2020-09-14,61,77,1,8998,САВУШКИН Йогурт Греческий Teos натур,4499,2,8998,,0,8998,1,;
3,27351,2020-09-14,61,82,1,5300,Булочка сдобная с корицей 100г фл/п(,3599,1,3599,,5300,0,1,;
3,134499,2020-09-14,329,215,1,34880,Кекс творожный 1/75,5800,6,34800,,0,34880,1,;
3,58157,2020-09-14,18,1104,1,5000,Услуги связи,5000,1,5000,,0,5000,1,;
3,114190,2020-09-14,257,173,1,0,Перевозка Разовый Безденежн 2813 -> Р,0,1,0,,0,0,1,;
3,81330,2020-09-14,75,89,1,34700,Перевозка Разовый Полный -> П,34700,1,34700,,34700,0,1,;
3,134514,2020-09-14,329,230,1,49500,Сметана 1/100,5000,1,5000,,0,49500,1,;
3,86514,2020-09-14,452,69,1,10800,Сигареты ЛД Ав импульс компакт 100 ДжТи,10800,1,10800,10800,0,10800,8,10800;
3,125856,2020-09-14,396,11,1,10800,Сигареты ЛД Ав импульс компакт 100 ДжТи,10800,1,10800,,10800,0,1,;
3,106751,2020-09-14,20,1878,1,10000,Аванс за услуги связи 9616367391,10000,1,10000,,0,10000,0,;
3,106774,2020-09-14,20,1901,1,2500,Аванс за услуги связи 9624749348,2500,1,2500,,0,2500,0,;
3,106803,2020-09-14,20,1930,1,30000,Аванс за услуги связи 9620569870,30000,1,30000,,0,30000,0,;
3,106808,2020-09-14,20,1935,1,3000,Аванс за услуги связи 9057089688,3000,1,3000,,0,3000,0,;
3,106813,2020-09-14,20,1940,1,10000,Аванс за услуги связи 9064532642,10000,1,10000,,0,10000,0,;
3,106824,2020-09-14,20,1951,1,5500,Аванс за услуги связи 9629884586,5500,1,5500,,0,5500,0,;
3,106835,2020-09-14,20,1962,1,3000,Аванс за услуги связи 9627438824,3000,1,3000,,0,3000,0,;
3,106866,2020-09-14,20,1993,1,9210,Аванс за услуги связи 9034592647,9210,1,9210,,0,9210,0,;
3,106867,2020-09-14,20,1994,1,9200,Аванс за услуги связи 9635836995,9200,1,9200,,0,9200,0,;
3,106869,2020-09-14,20,1996,1,90000,Аванс за услуги связи 9067633730,90000,1,90000,,0,90000,0,;
3,106873,2020-09-14,20,2000,1,7100,Аванс за услуги связи 9054354658,7100,1,7100,,0,7100,0,;
3,106874,2020-09-14,20,2001,1,15000,Аванс за услуги связи 9619241877,15000,1,15000,,0,15000,0,;
3,106914,2020-09-14,20,2041,1,153,Аванс за услуги связи 9062247117,153,1,153,,0,153,0,;
3,106921,2020-09-14,20,2048,1,10000,Аванс за услуги связи 9050320237,10000,1,10000,,0,10000,0,;
3,106942,2020-09-14,20,2069,1,10000,Аванс за услуги связи 9615961823,10000,1,10000,,0,10000,0,;
3,17682,2020-09-14,48,10,1,5290,""Сухарики """"Ого"""" с изюмом"",5290,1,5290,5290,5290,0,8,5290;
3,17691,2020-09-14,48,19,1,100,""Пакет """"Спасибо за покупку"""""",100,1,100,100,0,100,8,100;
3,29583,2020-09-14,22,343,1,5000,Оплата услуг связи 79048550715,5000,1,5000,,0,5000,1,;
3,29600,2020-09-14,22,360,1,2000,Оплата услуг связи 79523078288,2000,1,2000,,0,2000,1,;
3,20497,2020-09-14,14,237,1,30000,Оплата услуг связи 79534911519,30000,1,30000,,0,30000,1,;
3,20542,2020-09-14,14,282,1,26700,Оплата услуг связи 79924026458,26700,1,26700,,0,26700,1,;
3,20554,2020-09-14,14,294,1,4600,Оплата услуг связи 79518723579,4600,1,4600,,0,4600,1,;
3,20555,2020-09-14,14,295,1,20000,Оплата услуг связи 79510687648,20000,1,20000,,0,20000,1,;
3,8335,2020-09-14,76,8,1,5800,Колбаса Чайная особая вар. 1 с Пинск,29797,0.128,3814,5800,5800,0,8,5800;
3,98480,2020-09-14,74,38,1,2600,Оплата проезда банковской картой,2600,1,2600,0,0,2600,1,0;
3,98507,2020-09-14,74,65,1,2600,Оплата проезда банковской картой,2600,1,2600,0,0,2600,1,0;
3,98529,2020-09-14,74,87,1,2600,Оплата проезда банковской картой,2600,1,2600,0,0,2600,1,0;
3,98530,2020-09-14,74,88,1,2600,Оплата проезда банковской картой,2600,1,2600,0,0,2600,1,0;
3,147450,2020-09-14,384,12,1,85000,Бензин неэтилированный АИ92 К5 Колонка 1,4250,20,85000,,85000,0,1,;
3,97842,2020-09-14,391,12,1,170000,Бензин неэтилированный Аи92 К5 Колонка 1,4250,40,170000,,0,170000,1,;
3,66791,2020-09-14,300,163,1,9600,РАЗОВЫЙ ПОЛНЫЙ,9600,1,9600,,9600,0,1,;
3,66803,2020-09-14,300,175,1,2400,РАЗОВЫЙ ПОЛНЫЙ,2400,1,2400,,2400,0,1,;
3,66811,2020-09-14,300,183,1,7200,РАЗОВЫЙ ПОЛНЫЙ,7200,1,7200,,0,7200,1,;
3,151089,2020-09-14,385,88,1,100018,ТРК №5 Бензин автомобильный ЭКТО-92 (АИ-92-К5),4360,22.94,100018,,0,100018,1,;
3,166179,2020-09-14,360,36,1,11900,400003317 Кофе Nescafe американо 200мл,11900,1,11900,,11900,0,1,;
3,166198,2020-09-14,360,55,1,11000,18484 Сигареты Ява Золотая Классика т/у,11000,1,11000,,11000,0,1,;
3,125857,2020-09-14,396,12,1,16369,Кофе Латте зерновой 1шт (СП),3990,1,3990,,0,16369,1,;
3,17695,2020-09-14,48,23,1,20266,""Печенье """"Любимое"""" с карамельным"",4690,1,4690,20266,0,20266,8,20266;
3,125871,2020-09-14,396,26,1,4258,Бананы 1кг,6290,0.138,868,,0,4258,1,;
3,135012,2020-09-14,199,562,1,10000, ВГЛ 3 Спорт  (Алгоритм определения выигрышей №6),10000,1,10000,10000,0,10000,1,10000;
3,134085,2020-09-14,198,1650,3,100000, ВГЛ 3 Спорт  (Алгоритм определения выигрышей №2),100000,1,100000,100000,0,100000,1,100000;
3,43764,2020-09-14,188,37,1,19500,Сигареты Парламент найт блю ФМ,19500,1,19500,19500,19500,0,8,19500;
3,58311,2020-09-14,272,3,1,2200,ЖЕВАТЕЛЬНАЯ РЕЗИНКА SPEARMINT,2200,1,2200,0,2200,0,4,0;
3,1420,2020-09-14,9,6,1,11000,Риностоп спрей 0.1% 15мл Фармстандарт (Рос,9000,1,9000,0,11000,0,8,0;
3,2019,2020-09-14,63,22,1,10000000,Позиция по свободной цене,10000000,1,10000000,0,10000000,0,4,0;
3,2026,2020-09-14,63,29,1,10000000,Позиция по свободной цене,10000000,1,10000000,0,10000000,0,4,0;
3,12605,2020-09-14,30,40,1,7397,Х/б Хлебозавод 22 Батон Нарезной н,2599,2,5198,,0,7397,1,;
3,25803,2020-09-14,72,45,1,2598,""Вода Каролина Минерале 1.5л негаз"",1299,2,2598,,0,2598,1,;
3,95353,2020-09-14,56,669,1,253600,Пополнение лицевого счета,253600,1,253600,,0,253600,1,;
3,95397,2020-09-14,56,713,1,55000,Пополнение лицевого счета,55000,1,55000,,0,55000,1,;
3,95413,2020-09-14,56,729,1,18600,Пополнение лицевого счета,18600,1,18600,,0,18600,1,;
3,11123,2020-09-14,67,40,1,46700,""Пакет майка """"Верный"""" 390*90*600мм"",500,1,500,,46700,0,1,;
3,81383,2020-09-14,75,142,1,0,Перевозка Разовый Безденежн 2481 -> Ф,0,1,0,,0,0,1,;
3,3329,2020-09-14,91,7,1,1390,Перевозка Разовый Льготный 2605 <=> У,1390,1,1390,,1390,0,1,;
3,8848,2020-09-14,14,28,1,0,Перевозка Разовый Безденежн 2813 <=> Р,0,1,0,,0,0,1,;
3,87018,2020-09-14,40,891,1,10000,Услуги связи,10000,1,10000,,0,10000,1,;
3,87101,2020-09-14,40,974,1,10000,Услуги связи,10000,1,10000,,0,10000,1,;
3,37749,2020-09-14,297,88,1,9600,РАЗОВЫЙ ПОЛНЫЙ,9600,1,9600,,0,9600,1,;
3,37772,2020-09-14,297,111,1,4800,РАЗОВЫЙ ПОЛНЫЙ,4800,1,4800,,0,4800,1,;
3,45759,2020-09-14,280,108,1,4800,РАЗОВЫЙ ПОЛНЫЙ,4800,1,4800,,4800,0,1,;
3,84536,2020-09-14,460,58,1,21000,Сигареты Ява 100 Золотая классическая 100 БАТ,10500,1,10500,,0,21000,8,;
3,58182,2020-09-14,18,1129,1,10000,Услуги связи,10000,1,10000,,0,10000,1,;
3,87114,2020-09-14,40,987,1,1600,Услуги связи,1600,1,1600,,0,1600,1,;
3,58321,2020-09-14,272,13,1,26500,ТРОЛЛИ ЖЕЛАТИН 100Г,3700,1,3700,0,26500,0,4,0;
3,48717,2020-09-14,395,7,1,46000,Бензин неэтилированный Аи95-К5 Колонка 4,4600,10,46000,,46000,0,1,;
3,145068,2020-09-14,358,27,1,109532,ТРК №1 Бензин автомобильный ЭКТО-92 (АИ-92-К5),3652,30,109560,,0,109532,1,;
3,188250,2020-09-14,325,72,1,0,ТРК №3 Бензин автомобильный ЭКТО-92 (АИ-92-К5) Карта Ликард,0,45.75,0,,0,0,1,;
3,188255,2020-09-14,325,77,1,140000,ТРК №5 Топливо дизельное ЭКТО Diesel (ДТ-Л-К5),4880,28.69,140007,,140000,0,1,;
3,156704,2020-09-14,426,97,1,8200,Услуга Разовое размещение ЛК № 171349443,8200,1,8200,,0,8200,1,;
3,159814,2020-09-14,424,95,1,52700,Услуга Разовое размещение ЛК № 96336008,52700,1,52700,,0,52700,1,;
3,6772,2020-09-14,151,19,1,88200,PS2355 Тяга рулевая,44100,2,88200,,88200,0,1,;
3,28803,2020-09-14,79,20,1,18800,Сигареты Kent Nano Микс (БАТ),15400,1,15400,,0,18800,1,;
3,125423,2020-09-14,240,30,1,12900,Сигареты Rothmans Demi Click,12900,1,12900,,12900,0,1,;
3,125432,2020-09-14,240,39,1,15300,Сигареты GLAMOUR AZURE  (JTI),15300,1,15300,,0,15300,1,;
3,134516,2020-09-14,329,232,1,32300,Яйцо под майонезом с кукурузой,6400,1,6400,,0,32300,1,;
3,74178,2020-09-14,428,7,1,4050,* АСКОРБИНОВАЯ К-ТА 5% 2 МЛ №10,4050,1,4050,4050,4050,0,8,4050;
3,74720,2020-09-14,379,26,1,382530,[3216G] Термометр B.Well WF-1000 электронный (,350000,1,350000,350000,382530,0,1,350000;
3,26853,2020-09-14,401,4,1,42500,Бензин неэтилированный Аи92 К5 Колонка 2,4250,10,42500,,42500,0,1,;
3,77333,2020-09-14,449,79,1,10500,Сигареты Ява 100 Золотая классическая 100 БАТ,10500,1,10500,,10500,0,8,;
3,77343,2020-09-14,449,89,1,1590,""Вода Ключ здоровья 1.5л негаз пл/б"",1590,1,1590,,1590,0,8,;
3,27362,2020-09-14,61,93,1,8937,""Батон Молочный нарезной нарез 0.2кг"",1739,1,1739,,0,8937,1,;
3,99523,2020-09-14,89,36,1,1000,Аванс за услуги связи 9378804363,1000,1,1000,,0,1000,1,;
3,9156,2020-09-14,238,21,1,4700,0002 Маршрут№119 Контрольный билет,4700,1,4700,4700,4700,0,32,4700;
3,16413,2020-09-14,10,82,1,3000,""Услуга по перевозке. Троллейбус Маршрут №1 14.09.2020 06:37"",3000,1,3000,3000,3000,0,1,3000;
3,8863,2020-09-14,14,43,1,4300,Перевозка Разовый Полный -> П,4300,1,4300,,4300,0,1,;
3,8867,2020-09-14,14,47,1,0,Перевозка Разовый Безденежн 2481 <=> Ф,0,1,0,,0,0,1,;
3,111227,2020-09-14,762,25,1,2500,""Хлеб из пшен. муки  форм. 0.5-0.55кг"",2500,1,2500,2500,2500,0,8,2500;
,4777,2020-09-14,36,4,1,9000,Хортица Синяя 100,9000,1,9000,9000,9000,0,8,9000;
3,87121,2020-09-14,40,994,1,5000,Услуги связи,5000,1,5000,,0,5000,1,;
3,20899,2020-09-14,376,5,1,7150,""Сигареты Troekuroff Classic (75.00) шт [М]"",7150,1,7150,0,7150,0,8,0;
3,44258,2020-09-14,367,112,1,21450,ТРК-4 РК-7 АИ-92 К-5,4290,5,21450,,0,21450,1,;
3,44261,2020-09-14,367,115,1,24968,ТРК-4 РК-7 АИ-92 К-5,4290,5.82,24968,,24968,0,1,;
3,58886,2020-09-14,25,125,1,2300,Поездка за наличные,2300,1,2300,2300,2300,0,1,2300;
3,58897,2020-09-14,25,136,1,2200,Поездка по транспортной карте,2200,1,2200,2200,0,2200,1,2200;
3,58946,2020-09-14,25,185,1,2300,Поездка за наличные,2300,1,2300,2300,2300,0,1,2300;
3,58954,2020-09-14,25,193,1,2300,Поездка за наличные,2300,1,2300,2300,2300,0,1,2300;
3,58957,2020-09-14,25,196,1,2300,Поездка за наличные,2300,1,2300,2300,2300,0,1,2300;
3,58983,2020-09-14,25,222,1,2300,Поездка за наличные,2300,1,2300,2300,2300,0,1,2300;
3,77344,2020-09-14,449,90,1,4500,Капучино 200мл Каффит,4500,1,4500,,4500,0,8,;
3,77350,2020-09-14,449,96,1,15300,Сигареты Винстон СС блю ДжТи,15300,1,15300,,0,15300,8,;
3,134097,2020-09-14,198,1662,1,10000, ВГЛ 3 Спорт  (Алгоритм определения выигрышей №6),10000,1,10000,10000,0,10000,1,10000;
3,134099,2020-09-14,198,1664,1,2500, ВГЛ 5 Спорт  (Алгоритм определения выигрышей №2),2500,1,2500,2500,0,2500,1,2500;
3,31340,2020-09-14,453,35,1,25200,Сигареты ЛД Ав клуб компакт кафе ДжТи,10710,1,10710,,25200,0,8,;
3,16437,2020-09-14,10,106,1,3000,""Услуга по перевозке. Трамвай Маршрут №4 14.09.2020 06:27"",3000,1,3000,3000,3000,0,1,3000;
3,16442,2020-09-14,10,111,1,3000,""Услуга по перевозке. Троллейбус Маршрут №5 14.09.2020 06:50"",3000,1,3000,3000,3000,0,1,3000;
3,16450,2020-09-14,10,119,1,3000,""Услуга по перевозке. Троллейбус Маршрут №8 14.09.2020 07:08"",3000,1,3000,3000,3000,0,1,3000;
3,22426,2020-09-14,7,1032,1,10000,Услуги связи,10000,1,10000,,0,10000,1,;
3,22444,2020-09-14,7,1050,1,1000,Услуги связи,1000,1,1000,,0,1000,1,;
3,54794,2020-09-14,33,16,1,30000,Аванс за услуги связи 9320517608,30000,1,30000,,0,30000,1,;
3,54811,2020-09-14,33,33,1,20000,Аванс за услуги связи 9224730842,20000,1,20000,,0,20000,1,;
3,54813,2020-09-14,33,35,1,5000,Аванс за услуги связи 9227987154,5000,1,5000,,0,5000,1,;
3,54823,2020-09-14,33,45,1,35000,Аванс за услуги связи 9231093018,35000,1,35000,,0,35000,1,;
3,139245,2020-09-14,198,1747,1,10000, ВГЛ 4 Спорт  (Алгоритм определения выигрышей №3),10000,1,10000,10000,0,10000,1,10000;
3,139247,2020-09-14,198,1749,1,4000, ВГЛ 1 Спорт  (Алгоритм определения выигрышей №2),4000,1,4000,4000,0,4000,1,4000;
3,22445,2020-09-14,7,1051,1,2000,Услуги связи,2000,1,2000,,0,2000,1,;
3,22448,2020-09-14,7,1054,1,40000,Услуги связи,40000,1,40000,,0,40000,1,;
3,58237,2020-09-14,18,1184,1,15000,Услуги связи,15000,1,15000,,0,15000,1,;
3,31347,2020-09-14,453,42,1,10600,Сигареты Паркер и Симпсон компакт блю ИТ,10600,1,10600,,10600,0,8,;
3,141867,2020-09-14,445,151,1,15890,Сигареты Винстон икс стайл блю ДжТи,14300,1,14300,,0,15890,8,;
3,54884,2020-09-14,33,106,1,5800,Аванс за услуги связи 9370211426,5800,1,5800,,0,5800,1,;
3,54887,2020-09-14,33,109,1,5000,Аванс за услуги связи 9242337205,5000,1,5000,,0,5000,1,;
,8824,2020-09-14,36,18,1,29000,Нагреваемые Палочки Стики Пурпл (Фиолетовый),14500,2,29000,29000,29000,0,8,29000;
3,61204,2020-09-14,113,41,1,3099,Вода Сенежская Классическая минера,3099,1,3099,,0,3099,1,;
3,13749,2020-09-14,40,40,1,10800,Сигареты LD Autograph Impulse Comp,10800,1,10800,,10800,0,1,;
3,99544,2020-09-14,89,57,1,35000,Аванс за услуги связи 9273363393,35000,1,35000,,0,35000,1,;
3,99559,2020-09-14,89,72,1,15000,Аванс за услуги связи 9282857984,15000,1,15000,,0,15000,1,;
3,99561,2020-09-14,89,74,1,200000,Аванс за услуги связи 9028016166,200000,1,200000,,0,200000,1,;
3,99569,2020-09-14,89,82,1,15000,Аванс за услуги связи 9275387591,15000,1,15000,,0,15000,1,;
3,58987,2020-09-14,25,226,1,2200,Поездка по транспортной карте,2200,1,2200,2200,0,2200,1,2200;
3,59025,2020-09-14,25,264,1,2300,Поездка за наличные,2300,1,2300,2300,2300,0,1,2300;
3,59026,2020-09-14,25,265,1,2300,Поездка за наличные,2300,1,2300,2300,2300,0,1,2300;
,3079,2020-09-14,34,10,1,17000,Давыдов Классик 172,17000,1,17000,17000,17000,0,8,17000;
3,22449,2020-09-14,7,1055,1,40000,Услуги связи,40000,1,40000,,0,40000,1,;
,5270,2020-09-14,36,9,1,45300,Винстон Kлассик 153,15100,3,45300,45300,45300,0,8,45300;
3,37098,2020-09-14,424,1,1,12100,""1.Rothmans Demi МТ (122.00 руб.)"",12100,1,12100,12100,12100,0,8,12100;
3,4490,2020-09-14,102,1,1,60000,АИ-92-К-5,4179,14.36,60010,60010,60000,0,2,60010;
3,125450,2020-09-14,240,57,1,16300,Сигареты Kent Blue (БАТ),16300,1,16300,,16300,0,1,;
3,101454,2020-09-14,316,24,1,5300,""Напитки Манутин Дью 0.5л"",5300,1,5300,,0,5300,1,;
3,101465,2020-09-14,316,35,1,15300,Сигареты WINSTON CLASSIC  (JTI),15300,1,15300,,15300,0,1,;
3,54889,2020-09-14,33,111,1,22000,Аванс за услуги связи 9304135435,22000,1,22000,,0,22000,1,;
3,54893,2020-09-14,33,115,1,85000,Аванс за услуги связи 9245040916,85000,1,85000,,0,85000,1,;
,5274,2020-09-14,36,13,1,5900,Бумага для самокруток Смокинг Регуляр Финест 60*50,2700,1,2700,5900,5900,0,8,5900;
,5275,2020-09-14,36,14,1,11300,Филип Морис Kомпакт Ред ( Яркий ) 115,11300,1,11300,11300,11300,0,8,11300;
3,8885,2020-09-14,14,65,1,0,Перевозка Разовый Безденежн 2813 <=> Р,0,1,0,,0,0,1,;
3,3117,2020-09-14,100,18,1,4180,Перевозка Разовый Полный -> П ,4180,1,4180,,4180,0,1,;
3,3561,2020-09-14,92,6,1,21128,Перевозка Разовый Полный <=> П,21128,1,21128,,0,21128,1,;
3,141876,2020-09-14,445,160,1,3990,Леденцы Холлс 25г мед/лимон Дирол,3990,1,3990,,3990,0,8,;
3,141881,2020-09-14,445,165,1,11300,Сигареты ЛД Ав клуб компакт блю ДжТИ,11300,1,11300,,11300,0,8,;
3,22460,2020-09-14,7,1066,1,10000,Услуги связи,10000,1,10000,,0,10000,1,;
3,22471,2020-09-14,7,1077,1,19500,Услуги связи,19500,1,19500,,0,19500,1,;
3,22472,2020-09-14,7,1078,1,7400,Услуги связи,7400,1,7400,,0,7400,1,;
3,809,2020-09-14,24,68,1,5400,Перевозка Разовый Полный <=> П ,5400,1,5400,,0,5400,1,;
3,66216,2020-09-14,200,95,1,4300,Перевозка Разовый Полный -> П,4300,1,4300,,4300,0,1,;
3,22473,2020-09-14,7,1079,1,2000,Услуги связи,2000,1,2000,,0,2000,1,;
3,16452,2020-09-14,10,121,1,3000,""Услуга по перевозке. Троллейбус Маршрут №13 14.09.2020 07:10"",3000,1,3000,3000,3000,0,1,3000;
3,16465,2020-09-14,10,134,1,3000,""Услуга по перевозке. Троллейбус Маршрут №12 14.09.2020 06:50"",3000,1,3000,3000,3000,0,1,3000;
3,16475,2020-09-14,10,144,1,3000,""Услуга по перевозке. Троллейбус Маршрут №12 14.09.2020 07:19"",3000,1,3000,3000,3000,0,1,3000;
3,22475,2020-09-14,7,1081,1,10000,Услуги связи,10000,1,10000,,0,10000,1,;
,5279,2020-09-14,36,18,1,1500,Зажигалка Рене 01 цветная,1500,1,1500,1500,1500,0,8,1500;
3,59044,2020-09-14,25,283,1,2300,Поездка за наличные,2300,1,2300,2300,2300,0,1,2300;
3,59045,2020-09-14,25,284,1,1150,Поездка по транспортной карте,1150,1,1150,1150,0,1150,1,1150;
3,59055,2020-09-14,25,294,1,2300,Поездка за наличные,2300,1,2300,2300,2300,0,1,2300;
3,22481,2020-09-14,7,1087,1,30000,Услуги связи,30000,1,30000,,0,30000,1,;
3,1567,2020-09-14,38,1,1,217000,Кишечные орошения минеральной водой и ле,41000,1,41000,217000,0,217000,1,217000;
3,195434,2020-09-14,888,60,1,99989,ДТ-З-К5 (ТРК 3),4627,21.61,99989,,0,99989,1,;
3,25183,2020-09-14,389,1,1,1000,маска медиц. 3-х слойная №1  (05.2020 до 01.05.25),1000,1,1000,,0,1000,1,;
3,88024,2020-09-14,389,19,1,24531,1:3906690 Салфетки HOME STORY 100шт,9590,1,9590,,0,24531,0,;
3,38725,2020-09-14,358,6,1,10800,Сигареты L-D Club Compact Blue 20 шт,10800,1,10800,10800,10800,0,8,10800;
3,81346,2020-09-14,25,2049,1,10000,Услуги связи,10000,1,10000,,0,10000,1,;
3,81393,2020-09-14,25,2096,1,10000,Услуги связи,10000,1,10000,,0,10000,1,;
3,141900,2020-09-14,445,184,1,14000,Сигареты 21 век дарк блю ДТ,11500,1,11500,,14000,0,8,;
3,188265,2020-09-14,325,87,1,131100,ТРК №1 Бензин автомобильный ЭКТО-92 (АИ-92-К5),4370,30,131100,,131100,0,1,;
3,138221,2020-09-14,192,84,1,70000,ТРК №4 Бензин автомобильный ЭКТО Plus (АИ-95-К5),4714,14.85,70003,,0,70000,1,;
3,167446,2020-09-14,288,69,1,100000,ТРК №2 Бензин автомобильный ЭКТО-92 (АИ-92-К5),4371,22.88,100008,,100000,0,1,;
3,54905,2020-09-14,33,127,1,7000,Аванс за услуги связи 9288756042,7000,1,7000,,0,7000,1,;
3,86230,2020-09-14,33,2678,1,177400,АИ-95-K5/Бензин АИ-95,4435,40,177400,,0,177400,1,;
3,99586,2020-09-14,89,99,1,5000,Аванс за услуги связи 9381326487,5000,1,5000,,0,5000,1,;
3,48925,2020-09-14,89,23,1,40000,Аванс за услуги связи 9397331491,40000,1,40000,,0,40000,1,;
3,16479,2020-09-14,10,148,1,3000,""Услуга по перевозке. Трамвай Маршрут №5 14.09.2020 06:25"",3000,1,3000,3000,3000,0,1,3000;
3,16490,2020-09-14,10,159,1,3000,""Услуга по перевозке. Трамвай Маршрут №6 14.09.2020 07:23"",3000,1,3000,3000,3000,0,1,3000;
3,16494,2020-09-14,10,163,1,3000,""Услуга по перевозке. Троллейбус Маршрут №7 14.09.2020 07:06"",3000,1,3000,3000,3000,0,1,3000;
3,240266,2020-09-14,419,135,1,14780,СДОБА С КАРДАМОНОМ 2,6790,1,6790,,0,14780,1,;
3,51221,2020-09-14,386,87,1,50000,ТРК 3: Аи 92 кл.5,4270,11.71,50002,50002,50000,0,4,50002;
3,6919,2020-09-14,218,4,1,133600,1987949194 Ремень ГРМ,47300,1,47300,,133600,0,1,;
3,6929,2020-09-14,218,14,1,134700,HP1045 Колодки тормозные дисковые,79200,1,79200,,134700,0,1,;
3,181358,2020-09-14,375,41,1,200000,ТРК №3 Топливо дизельное ЭКТО Diesel (ДТ-Л-К5),4880,40.99,200031,,0,200000,1,;
3,181367,2020-09-14,375,50,1,100,400006683 Кофе Двойной Капучино Престиж 400мл,100,1,100,,100,0,1,;
3,2037,2020-09-14,63,40,1,10000000,Позиция по свободной цене,10000000,1,10000000,0,10000000,0,4,0;
3,7145,2020-09-14,242,31,1,26400,Товар,26400,1,26400,26400,0,26400,8,26400;
3,5464,2020-09-14,50,6,1,8000,Кофе американо,4000,2,8000,0,8000,0,32,0;
3,15732,2020-09-14,456,7,1,23000,!Сигареты маркиров НЕКСТ DUBLISS VIOLET97 MIX с фильтром супертонких. с капсулой ментолом твердая/упак МРЦ 115.00 руб9,11500,1,11500,23000,23000,0,8,23000;
3,14461,2020-09-14,42,1,1,25200,[М] Сигареты ЛМ блю лэбел,12600,1,12600,0,0,25200,1,0;
,3358,2020-09-14,18,13,1,9700,ЛД Автограф Импульс Компакт Бриз 100/99,9700,1,9700,9700,9700,0,8,9700;
3,86255,2020-09-14,33,2703,1,119994,Бензин ОПТИ 92(АИ-92-К5),4200,28.57,119994,,0,119994,1,;
3,86267,2020-09-14,33,2715,1,247832,АИ-100-К5/Бензин G-DRIVE 100,5200,47.66,247832,,0,247832,1,;
3,139251,2020-09-14,198,1753,1,50000, ВГЛ 3 Спорт  (Алгоритм определения выигрышей №2),50000,1,50000,50000,0,50000,1,50000;
3,139277,2020-09-14,198,1779,3,2500, ВГЛ 5 Спорт  (Алгоритм определения выигрышей №2),2500,1,2500,2500,0,2500,1,2500;
3,141026,2020-09-14,198,3173,3,3000, ВГЛ 1 Спорт  (Алгоритм определения выигрышей №4),3000,1,3000,3000,0,3000,1,3000;
3,141027,2020-09-14,198,3174,1,2500, ВГЛ 5 Спорт  (Алгоритм определения выигрышей №2),2500,1,2500,2500,0,2500,1,2500;
3,9500,2020-09-14,18,55,1,2900,""Напиток Верная цена 1.5л с/газ Дюш"",1401,1,1401,,2900,0,1,;
3,57071,2020-09-14,136,69,1,9200,С/пр Самса с курицей  110г,3066,1,3066,,9200,0,1,;
3,106974,2020-09-14,20,2101,1,9742,Аванс за услуги связи 9609136137,9742,1,9742,,0,9742,0,;
3,106977,2020-09-14,20,2104,1,20000,Аванс за услуги связи 9038182008,20000,1,20000,,0,20000,0,;
3,107026,2020-09-14,20,2153,1,100000,Аванс за услуги связи 9099798270,100000,1,100000,,0,100000,0,;
3,107032,2020-09-14,20,2159,1,1500,Аванс за услуги связи 9639039856,1500,1,1500,,0,1500,0,;
3,107057,2020-09-14,20,2184,1,10000,Аванс за услуги связи 9602950437,10000,1,10000,,0,10000,0,;
3,107084,2020-09-14,20,2211,1,30000,Аванс за услуги связи 9624872022,30000,1,30000,,0,30000,0,;
3,107109,2020-09-14,20,2236,1,3000,Аванс за услуги связи 9692005931,3000,1,3000,,0,3000,0,;
3,107147,2020-09-14,20,2274,1,26400,Аванс за услуги связи 9094256166,26400,1,26400,,0,26400,0,;
3,107156,2020-09-14,20,2283,1,40000,Аванс за услуги связи 9656214632,40000,1,40000,,0,40000,0,;
3,98538,2020-09-14,74,96,1,2600,Оплата проезда банковской картой,2600,1,2600,0,0,2600,1,0;
3,98557,2020-09-14,74,115,1,2800,Оплата проезда за наличный расчёт,2800,1,2800,0,2800,0,1,0;
3,38162,2020-09-14,75,7,1,509100,""[622240] вставные наушники Xiaomi AirDots Pro (Mi True Wireless Earphones) белые TWSEJ01JY (ZBW4485GL) (306833)"",509100,1,509100,,0,509100,1,;
3,22325,2020-09-14,16,218,1,6000,Оплата услуг связи 79535539410,6000,1,6000,,0,6000,1,;
3,22387,2020-09-14,16,280,1,30000,Оплата услуг связи 79080839042,30000,1,30000,,0,30000,1,;
3,22393,2020-09-14,16,286,1,10000,Оплата услуг связи 79526504628,10000,1,10000,,0,10000,1,;
3,22635,2020-09-14,21,190,1,10000,Оплата услуг связи 79518611011,10000,1,10000,,0,10000,1,;
3,22659,2020-09-14,21,214,1,11900,Оплата услуг связи 79044039682,11900,1,11900,,0,11900,1,;
3,22667,2020-09-14,21,222,1,20000,Оплата услуг связи 79022798871,20000,1,20000,,0,20000,1,;
3,22671,2020-09-14,21,226,1,10000,Оплата услуг связи 79515991437,10000,1,10000,,0,10000,1,;
3,81395,2020-09-14,25,2098,1,150000,Услуги связи,150000,1,150000,,0,150000,1,;
3,10526,2020-09-14,21,46,1,22147,Майонез Московский 420мл 67% д/п П,6849,1,6849,,0,22147,1,;
3,82078,2020-09-14,385,18,1,4839,2149542 Батон НАРЕЗНОЙ 400г,4190,1,4190,,0,4839,0,;
3,8646,2020-09-14,112,75,1,34978,Бензин (АИ-92 -К5),4250,8.23,34978,34978,34978,0,4,34978;
3,141029,2020-09-14,198,3176,1,20000, ВГЛ 3 Спорт  (Алгоритм определения выигрышей №6),10000,1,10000,20000,0,20000,1,20000;
3,141032,2020-09-14,198,3179,3,7500, ВГЛ 2 Спорт  (Алгоритм определения выигрышей №6),7500,1,7500,7500,0,7500,1,7500;
,3360,2020-09-14,18,15,1,9100,Бизнес стандарт сильвер слим 91 деми,9100,1,9100,9100,9100,0,8,9100;
3,141038,2020-09-14,199,4,1,2500, ВГЛ 5 Спорт  (Алгоритм определения выигрышей №2),2500,1,2500,2500,0,2500,1,2500;
3,141040,2020-09-14,199,6,1,100000, ВГЛ 3 Спорт  (Алгоритм определения выигрышей №2),50000,1,50000,100000,0,100000,1,100000;
3,22486,2020-09-14,7,1092,1,150000,Услуги связи,150000,1,150000,,0,150000,1,;
3,22510,2020-09-14,7,1116,1,5000,Услуги связи,5000,1,5000,,0,5000,1,;
3,81440,2020-09-14,25,2143,1,5000,Услуги связи,5000,1,5000,,0,5000,1,;
,3625,2020-09-14,22,10,1,27900,ЛД Автограф Клуб Платина 133,12800,1,12800,27900,27900,0,8,27900;
3,10533,2020-09-14,21,53,1,23900,Напиток Чай Нести Зеленый Малина 1,10999,1,10999,,23900,0,1,;
3,8888,2020-09-14,62,21,1,13400,Напиток мол-коф Parmalat Капуччино,4499,1,4499,,13400,0,1,;
3,86273,2020-09-14,33,2721,1,197000,АИ-92-K5/Бензин АИ-92,3940,50,197000,,0,197000,1,;
3,86274,2020-09-14,33,2722,1,200000,Бензин АИ-95(АИ-95-К5),4385,45.61,200000,,0,200000,1,;
3,22554,2020-09-14,7,1160,1,1607,Услуги связи,1607,1,1607,,0,1607,1,;
3,6819,2020-09-14,3,1015,1,90000,Услуги связи,90000,1,90000,,0,90000,1,;
3,119428,2020-09-14,329,345,1,25800,Булочки мол 350г в ассорт,9500,1,9500,,25800,0,8,;
3,119436,2020-09-14,329,353,1,5200,Рожок с шокол топингом 60г,4000,1,4000,,5200,0,8,;
3,6821,2020-09-14,3,1017,1,50000,Услуги связи,50000,1,50000,,0,50000,1,;
3,18026,2020-09-14,43,38,1,2200,""Вода Святой Источник 0.5л природн."",2200,1,2200,,2200,0,1,;
3,18036,2020-09-14,43,48,1,7200,""Ж/резинка Dirol 13.6г Клубника-Чер"",2951,1,2951,,7200,0,1,;
3,71244,2020-09-14,20,2340,1,2000,Услуги связи,2000,1,2000,,0,2000,1,;
,3637,2020-09-14,22,22,1,22600,Филип Морис Компакт Ред ( Яркий ) 115,11300,1,11300,22600,22600,0,8,22600;
3,3975,2020-09-14,19,5,1,13500,Арарат Эксклюзив Нано 140,13500,1,13500,13500,13500,0,8,13500;
3,45761,2020-09-14,280,110,1,2400,РАЗОВЫЙ ПОЛНЫЙ,2400,1,2400,,2400,0,1,;
3,45781,2020-09-14,280,130,1,9600,РАЗОВЫЙ ПОЛНЫЙ,9600,1,9600,,9600,0,1,;
3,93652,2020-09-14,642,160,1,14400,РАЗОВЫЙ ПОЛНЫЙ,14400,1,14400,,0,14400,1,;
3,93673,2020-09-14,643,19,1,260500,АБ РАБ НА 1 МЕС,260500,1,260500,,0,260500,1,;
3,6331,2020-09-14,90,71,1,3890,Разовый льготный,3890,1,3890,,3890,0,1,;
3,31291,2020-09-14,264,58,1,0,РАЗОВЫЙ БЕЗДЕНЕЖНЫЙ,0,1,0,,0,0,1,;
3,22690,2020-09-14,21,245,1,30000,Оплата услуг связи 79526464173,30000,1,30000,,0,30000,1,;
3,22729,2020-09-14,21,284,1,2000,Оплата услуг связи 79505855335,2000,1,2000,,0,2000,1,;
3,16503,2020-09-14,10,172,1,3000,""Услуга по перевозке. Троллейбус Маршрут №1 14.09.2020 07:23"",3000,1,3000,3000,3000,0,1,3000;
3,16520,2020-09-14,10,189,1,3000,""Услуга по перевозке. Троллейбус Маршрут №3 14.09.2020 07:03"",3000,1,3000,3000,3000,0,1,3000;
3,16554,2020-09-14,10,223,1,3000,""Услуга по перевозке. Трамвай Маршрут №1 14.09.2020 07:11"",3000,1,3000,3000,3000,0,1,3000;
3,66218,2020-09-14,200,97,1,0,Перевозка Разовый Безденежн 2813 <=> Р,0,1,0,,0,0,1,;
3,66266,2020-09-14,200,145,1,4300,Перевозка Разовый Полный -> П,4300,1,4300,,4300,0,1,;
3,137020,2020-09-14,387,23,1,68400,Некст Вайолет спешл 2 в 1 МРЦ 115 РУБ,11500,2,23000,0,0,68400,8,0;
3,149225,2020-09-14,384,286,1,4000,Жевательная резинка Дирол Маракуйя,4000,1,4000,0,4000,0,8,0;
3,48933,2020-09-14,89,31,1,20000,Аванс за услуги связи 9320994055,20000,1,20000,,0,20000,1,;
3,74204,2020-09-14,89,64,1,20000,Аванс за услуги связи 9262127711,20000,1,20000,,0,20000,1,;
3,181372,2020-09-14,375,55,1,33300,""300083391 Напиток ДобрыйPulpy маракуйя-гуава 0.45л"",9500,1,9500,,33300,0,1,;
3,5756,2020-09-14,397,52,1,0,ТРК №4 Бензин автомобильный ЭКТО-92 (АИ-92-К5) Карта Ликард,0,20,0,,0,0,1,;
3,43281,2020-09-14,177,64,1,7080,""Изделие х/бул """"Фитнес""""к обеду250"",2350,1,2350,7080,0,7080,8,7080;
3,11612,2020-09-14,45,44,1,7400,Сырная лепешка 100г,3700,2,7400,7400,7400,0,8,7400;
3,117683,2020-09-14,330,262,1,0,ТРК 1 АИ-92-К-5 30.00л,0,1,0,,0,0,1,;
3,89916,2020-09-14,357,310,1,21200,Сигареты Максим Классич.100мм  red,10600,1,10600,,0,21200,1,;
3,86300,2020-09-14,33,2748,1,134550,АИ-95-К5 Премиум Евро-95,4485,30,134550,,0,134550,1,;
3,86317,2020-09-14,33,2765,1,99979,АИ-95-К5,4770,20.96,99979,,0,99979,1,;
3,101468,2020-09-14,316,38,1,19900,Сигареты Parliament Aqua Blue  (PM),19900,1,19900,,19900,0,1,;
3,101481,2020-09-14,316,51,1,24600,Сигареты Parliament Aqua Blue  (PM),19900,1,19900,,24600,0,1,;
3,128198,2020-09-14,265,13,1,3100,Советский спорт,3100,1,3100,,3100,0,1,;
3,3981,2020-09-14,19,11,1,11200,Плей Блю Рей 112,11200,1,11200,11200,11200,0,8,11200;
3,3997,2020-09-14,19,27,1,27500,Ротманс Деми 122,12000,1,12000,27500,27500,0,8,27500;
3,31317,2020-09-14,264,84,1,0,ЛЬГОТНЫЙ БИЛЕТ НА 30 ДН МЦД,0,1,0,,0,0,1,;
3,31324,2020-09-14,264,91,1,2400,РАЗОВЫЙ ПОЛНЫЙ,2400,1,2400,,0,2400,1,;
3,31326,2020-09-14,264,93,1,2400,РАЗОВЫЙ ПОЛНЫЙ,2400,1,2400,,2400,0,1,;
3,2933,2020-09-14,376,3,1,10375,Удержание при возврате (тариф),7875,1,7875,10375,10375,0,4,10375;
3,45065,2020-09-14,372,17,1,18000,Позиция по свободной цене,18000,1,18000,18000,0,18000,32,18000;
3,240275,2020-09-14,419,144,1,148236,ЯБЛОКИ БРЕБУРН,14990,0.988,14810,,0,148236,1,;
3,156933,2020-09-14,374,2,1,3650,Горох,3300,1.106,3650,3650,3650,0,8,3650;
3,9048,2020-09-14,81,1,1,10500,""Сигареты PLAY HIT (14461066; T&T; 106) (пачка)"",10500,1,10500,0,10500,0,8,0;
3,2632,2020-09-14,381,5,1,118000,ТАТ на 30 дней,118000,1,118000,118000,118000,0,1,118000;
3,8185,2020-09-14,422,3,1,10000,КОШЕЛЕК,10000,1,10000,10000,0,10000,1,10000;
3,7865,2020-09-14,482,18,1,11400,2 поездки ЕДИНЫЙ,11400,1,11400,11400,11400,0,1,11400;
3,166079,2020-09-14,360,33,1,22600,300089011 Сигареты ЛД Автограф Клаб Компакт Кафе,11300,1,11300,,0,22600,1,;
3,166096,2020-09-14,360,50,1,4200,""300083350 Ж/резинка Mentos PURE Fresh мята 15.5г"",4200,1,4200,,0,4200,1,;
3,86331,2020-09-14,33,2779,1,316322,ДТ-Л-К5/ДТ ОПТИ летнее,4880,64.82,316322,,0,316322,1,;
3,86345,2020-09-14,33,2793,1,122250,Бензин АИ-92(АИ-92-К5),4075,30,122250,,0,122250,1,;
3,89285,2020-09-14,416,40,1,105500,1/1 396* Виагра таб.п/о 100мг №1,105500,1,105500,,0,105500,1,;
3,89287,2020-09-14,416,42,1,27000,""1/1 105615* Ринонорм спрей наз. д/детей 0.05% 20мл"",9000,2,18000,,0,27000,1,;
3,168989,2020-09-14,303,20,1,294880,""Коммунальный платёж ТРИЦ л/с 12327507"",294880,1,294880,,0,294880,1,;
3,169001,2020-09-14,303,32,1,70031,""Коммунальный платёж ТРИЦ л/с 12309728"",70031,1,70031,,0,70031,1,;
3,141041,2020-09-14,199,7,1,2500, ВГЛ 5 Спорт  (Алгоритм определения выигрышей №2),2500,1,2500,2500,0,2500,1,2500;
3,141056,2020-09-14,199,22,3,10000, ВГЛ 4 Спорт  (Алгоритм определения выигрышей №3),10000,1,10000,10000,0,10000,1,10000;
3,141063,2020-09-14,199,29,3,3000, ВГЛ 1 Спорт  (Алгоритм определения выигрышей №4),3000,1,3000,3000,0,3000,1,3000;
3,141071,2020-09-14,199,37,1,3000, ВГЛ 1 Спорт  (Алгоритм определения выигрышей №4),3000,1,3000,3000,0,3000,1,3000;
3,107158,2020-09-14,20,2285,1,48000,Аванс за услуги связи 9091064407,48000,1,48000,,0,48000,0,;
3,107211,2020-09-14,20,2338,1,13800,Аванс за услуги связи 9093690114,13800,1,13800,,0,13800,0,;
3,107215,2020-09-14,20,2342,1,1500,Аванс за услуги связи 9609322521,1500,1,1500,,0,1500,0,;
3,86349,2020-09-14,33,2797,1,212175,Бензин АИ-95(АИ-95-К5),4715,45,212175,,0,212175,1,;
3,37243,2020-09-14,32,1849,1,70000,Аванс за услуги связи 9241711401,70000,1,70000,,0,70000,1,;
3,89290,2020-09-14,416,45,1,14300,1/10 60380* Диоксидин амп. 1% 10мл №10,7150,2,14300,,14300,0,1,;
3,89294,2020-09-14,416,49,1,20000,1/100 106850* Ферстэйд шприц одноразовый 5мл №100,666,29,19314,,20000,0,1,;
3,128213,2020-09-14,265,28,1,5300,""Напитки Пепси Ванилла 0.5"",5300,1,5300,,5300,0,1,;
3,128238,2020-09-14,265,53,1,37800,ELLE DECORATION (Элль Декорейшн)- русское издание,14900,1,14900,,37800,0,1,;
3,33428,2020-09-14,336,3,1,30000,СУГ,2299,13.049,30000,,0,30000,1,;
3,141030,2020-09-14,616,98,1,40387,""Ж/р Орбит Белоснежный Нежная мята 13.6г"",2989,1,2989,,0,40387,1,;
3,46100,2020-09-14,377,16,1,62750,Торт бискв. Бикер Хаус 350г Сицилия,13000,2,26000,62750,62750,0,8,62750;
3,71263,2020-09-14,20,2359,1,10000,Услуги связи,10000,1,10000,,0,10000,1,;
3,71298,2020-09-14,20,2394,1,15000,Услуги связи,15000,1,15000,,0,15000,1,;
3,66319,2020-09-14,201,41,1,2100,Перевозка Разовый Льготный 2605 -> У,2100,1,2100,,2100,0,1,;
3,6785,2020-09-14,91,30,1,4726,Перевозка Разовый Льготный 2605 <=> У,4726,1,4726,,4726,0,1,;
3,3991,2020-09-14,89,11,1,2363,Перевозка Разовый Льготный 2605 -> У,2363,1,2363,,0,2363,1,;
3,4202,2020-09-14,343,8,1,25000,КОШЕЛЕК,25000,1,25000,25000,25000,0,1,25000;
3,121396,2020-09-14,212,33,1,45200,""СИГАРЕТЫ WINSTON SUPERSLIMS BLUE 1 пач."",15300,1,15300,,45200,0,1,;
3,121409,2020-09-14,212,46,1,0,Дт-Л-К5  (5 ТРК),0,90,0,,0,0,1,;
3,227747,2020-09-14,54,104,1,2300,Поездка за наличные,2300,1,2300,2300,2300,0,1,2300;
3,227768,2020-09-14,54,125,1,2300,Поездка по банковской карте,2300,1,2300,2300,0,2300,1,2300;
3,227771,2020-09-14,54,128,1,1100,Поездка по транспортной карте,1100,1,1100,1100,0,1100,1,1100;
3,227777,2020-09-14,54,134,1,2300,Поездка за наличные,2300,1,2300,2300,2300,0,1,2300;
3,227783,2020-09-14,54,140,1,2300,Поездка за наличные,2300,1,2300,2300,2300,0,1,2300;
3,227784,2020-09-14,54,141,1,2300,Поездка по банковской карте,2300,1,2300,2300,0,2300,1,2300;
3,227795,2020-09-14,54,152,1,2200,Поездка по транспортной карте,2200,1,2200,2200,0,2200,1,2200;
3,227876,2020-09-14,54,233,1,2200,Поездка по транспортной карте,2200,1,2200,2200,0,2200,1,2200;
3,227893,2020-09-14,54,250,1,2300,Поездка по банковской карте,2300,1,2300,2300,0,2300,1,2300;
3,6822,2020-09-14,3,1018,1,100000,Услуги связи,100000,1,100000,,0,100000,1,;
3,74222,2020-09-14,89,82,1,10000,Аванс за услуги связи 9262022290,10000,1,10000,,0,10000,1,;
3,74240,2020-09-14,89,100,1,20000,Аванс за услуги связи 9389854204,20000,1,20000,,0,20000,1,;
3,18039,2020-09-14,43,51,1,2900,С/пр Хачапури с сыром 100г,2900,1,2900,,2900,0,1,;
3,42366,2020-09-14,62,22,1,18697,Конфеты в ассортименте Категория №,19990,0.32,6397,,0,18697,1,;
3,46105,2020-09-14,377,21,1,4050,МинВода Синеборье 6л б/газ,4050,1,4050,4050,4050,0,8,4050;
3,34843,2020-09-14,377,85,1,34967,АИ-92-К5 Колонка 2,4360,8.02,34967,34967,34967,0,4,34967;
3,994,2020-09-14,19,20,1,6500,Позиция по свободной цене,6500,1,6500,0,0,6500,8,0;
3,157784,2020-09-14,163,738,1,12000,Оплата информационных услуг по включению в базы данных ,12000,1,12000,12000,0,12000,32,12000;
3,6676,2020-09-14,23,10,1,2000,0001 ПРОЕЗДНОЙ БИЛЕТ,2000,1,2000,2000,2000,0,8,2000;
,2935,2020-09-14,14,2,1,11100,ЛД Автограф  Компакт Блю 100/113,11100,1,11100,11100,11100,0,8,11100;
3,27400,2020-09-14,114,68,1,61276,ДТ-З-К5 (ТРК 1),4697,10.64,49976,,61276,0,1,;
3,37244,2020-09-14,32,1850,1,10000,Аванс за услуги связи 9226227241,10000,1,10000,,0,10000,1,;
3,37269,2020-09-14,32,1875,1,5000,Аванс за услуги связи 9333338332,5000,1,5000,,0,5000,1,;
3,71328,2020-09-14,20,2424,1,10000,Услуги связи,10000,1,10000,,0,10000,1,;
3,22742,2020-09-14,21,297,1,23300,Оплата услуг связи 79041295451,23300,1,23300,,0,23300,1,;
3,22758,2020-09-14,21,313,1,2000,Оплата услуг связи 79016533242,2000,1,2000,,0,2000,1,;
3,71355,2020-09-14,20,2451,1,10000,Услуги связи,10000,1,10000,,0,10000,1,;
3,160742,2020-09-14,301,12,1,25575,""Коммунальный платёж ТРИЦ л/с 12709111"",25575,1,25575,,0,25575,1,;
3,160760,2020-09-14,301,30,1,236325,""Коммунальный платёж ТРИЦ л/с 12740544"",236325,1,236325,,0,236325,1,;
3,227906,2020-09-14,54,263,1,2300,Поездка по банковской карте,2300,1,2300,2300,0,2300,1,2300;
3,227919,2020-09-14,54,276,1,2300,Поездка за наличные,2300,1,2300,2300,2300,0,1,2300;
3,227948,2020-09-14,54,305,1,2300,Поездка за наличные,2300,1,2300,2300,2300,0,1,2300;
3,136209,2020-09-14,211,20,1,39991,Аи-95-К5  (6 ТРК),4560,8.77,39991,,0,39991,1,;
3,136212,2020-09-14,211,23,1,10500,""СИГАРЕТЫ PHILIP MORRIS DARK BLUE 1 пач."",10500,1,10500,,10500,0,1,;
3,136220,2020-09-14,211,31,1,79982,Аи-95-К5  (2 ТРК),4560,17.54,79982,,0,79982,1,;
3,37281,2020-09-14,32,1887,1,10000,Аванс за услуги связи 9246125553,10000,1,10000,,0,10000,1,;
3,37287,2020-09-14,32,1893,1,10000,Аванс за услуги связи 9242681371,10000,1,10000,,0,10000,1,;
3,31335,2020-09-14,264,102,1,4800,РАЗОВЫЙ ПОЛНЫЙ,4800,1,4800,,4800,0,1,;
3,26087,2020-09-14,294,137,1,21500,РАЗОВЫЙ ПОЛНЫЙ,21500,1,21500,,21500,0,1,;
3,26106,2020-09-14,294,156,1,12000,РАЗОВЫЙ ПОЛНЫЙ,12000,1,12000,,0,12000,1,;
3,37289,2020-09-14,32,1895,1,10000,Аванс за услуги связи 9283573714,10000,1,10000,,0,10000,1,;
3,37290,2020-09-14,32,1896,1,35000,Аванс за услуги связи 9993414105,35000,1,35000,,0,35000,1,;
3,107266,2020-09-14,20,2393,1,10000,Аванс за услуги связи 9094636048,10000,1,10000,,0,10000,0,;
3,107306,2020-09-14,20,2433,1,2525,Аванс за услуги связи 9050115172,2525,1,2525,,0,2525,0,;
3,107307,2020-09-14,20,2434,1,5380,Аванс за услуги связи 9640594838,5380,1,5380,,0,5380,0,;
3,70327,2020-09-14,418,26,1,40800,""1/1 100618* Гексорал аэр. 0.2% 40мл семейная упаковка 4 насадки-распылителя"",40800,1,40800,,40800,0,1,;
3,71357,2020-09-14,20,2453,1,10000,Услуги связи,10000,1,10000,,0,10000,1,;
3,71185,2020-09-14,20,2294,1,20000,Услуги связи,20000,1,20000,,0,20000,1,;
3,128243,2020-09-14,265,58,1,11400,ПП Баунти батончик 6*32*55г,3900,1,3900,,11400,0,1,;
3,103126,2020-09-14,305,12,1,6900,""Напитки Вода МЕТРОПРЕСС 0.6 ПЭТ"",3300,1,3300,,0,6900,1,;
3,71187,2020-09-14,20,2296,1,5000,Услуги связи,5000,1,5000,,0,5000,1,;
,3325,2020-09-14,20,2,1,22000,Паркер Симсон Ред 100/ 112,11000,2,22000,22000,22000,0,8,22000;
3,16560,2020-09-14,10,229,1,3000,""Услуга по перевозке. Трамвай Маршрут №4 14.09.2020 07:22"",3000,1,3000,3000,3000,0,1,3000;
3,16562,2020-09-14,10,231,1,3000,""Услуга по перевозке. Трамвай Маршрут №5 14.09.2020 07:29"",3000,1,3000,3000,3000,0,1,3000;
3,18501,2020-09-14,63,24,1,3600,""КЕФИР ДОБРАЯ БУРЕНКА 3.2% 400 г(шт)"",3600,1,3600,3600,3600,0,4,3600;
3,141032,2020-09-14,616,100,1,7000,Рогулька с зел.луком и яйцом 80г ЦМ,1378,3,4134,,7000,0,1,;
3,141033,2020-09-14,616,101,1,11424,Пирожок с яблоком 100г ЦМ,1490,4,5960,,0,11424,1,;
3,107331,2020-09-14,20,2458,1,30000,Аванс за услуги связи 9625116111,30000,1,30000,,0,30000,0,;
3,107334,2020-09-14,20,2461,1,11382,Аванс за услуги связи 9192540653,11382,1,11382,,0,11382,0,;
3,107345,2020-09-14,20,2472,1,3230,Аванс за услуги связи 9607102510,3230,1,3230,,0,3230,0,;
3,81979,2020-09-14,89,1014,1,36000,Аванс за услуги связи 9221251920,36000,1,36000,,0,36000,1,;
3,82004,2020-09-14,90,14,1,6600,Аванс за услуги связи 9202316594,6600,1,6600,,0,6600,1,;
3,121276,2020-09-14,89,170,1,2500,Аванс за услуги связи 9258900570,2500,1,2500,,0,2500,1,;
3,121278,2020-09-14,89,172,1,30000,Аванс за услуги связи 9276036078,30000,1,30000,,0,30000,1,;
3,6887,2020-09-14,3,1083,1,50000,Услуги связи,50000,1,50000,,0,50000,1,;
3,6910,2020-09-14,3,1106,1,1000,Услуги связи,1000,1,1000,,0,1000,1,;
3,15237,2020-09-14,179,42,1,556,Перевозка Разовый Полный -> П,556,1,556,,556,0,1,;
3,15267,2020-09-14,179,72,1,12788,Перевозка Разовый Полный <=> П,12788,1,12788,,12788,0,1,;
3,15287,2020-09-14,179,92,1,1390,Перевозка Разовый Полный -> П,1390,1,1390,,1390,0,1,;
3,5664,2020-09-14,28,1,1,13000,Сигареты L&M Blue Label,13000,1,13000,,13000,0,1,;
3,49939,2020-09-14,113,62,1,4900,""Напиток энергет.Drive Me 0.449л"",4900,1,4900,,4900,0,1,;
3,86440,2020-09-14,40,739,1,70000,Услуги связи,70000,1,70000,,0,70000,1,;
3,49941,2020-09-14,113,64,1,9900,Х/б Арн.Батон нарезной в/с (нарезка) 300г,4699,1,4699,,9900,0,1,;
3,49943,2020-09-14,113,66,1,21900,Бумага туал Zewa Плюс 2сл белая 12шт,21900,1,21900,,21900,0,1,;
3,33508,2020-09-14,265,53,1,4800,РАЗОВЫЙ ПОЛНЫЙ,4800,1,4800,,4800,0,1,;
3,91494,2020-09-14,310,156,1,7200,РАЗОВЫЙ ПОЛНЫЙ,7200,1,7200,,0,7200,1,;
3,109298,2020-09-14,295,98,1,9600,РАЗОВЫЙ ПОЛНЫЙ,9600,1,9600,,9600,0,1,;
3,103144,2020-09-14,305,30,1,700,Пакет Пакет 1 Полоса (маленький) 30127,700,1,700,,700,0,1,;
3,103159,2020-09-14,305,45,1,3400,24 Часа,3400,1,3400,,3400,0,1,;
3,182860,2020-09-14,287,39,1,3300,""Напитки Вода МЕТРОПРЕСС 0.6 ПЭТ"",3300,1,3300,,0,3300,1,;
3,21783,2020-09-14,367,3,1,10900,Э Philip Morris Blue 109-00,10900,1,10900,10900,10900,0,8,10900;
3,8241,2020-09-14,320,3,1,11800,Позиция по свободной цене,11800,1,11800,0,0,11800,8,0;
3,71198,2020-09-14,20,2307,1,40000,Услуги связи,40000,1,40000,,0,40000,1,;
3,136232,2020-09-14,211,43,1,14900,""ПАЛОЧКИ ТАБАЧНЫЕ HEETS СТИКИ Bronze Label (БРОНЗ) 1 пач."",14900,1,14900,,14900,0,1,;
3,136250,2020-09-14,211,61,1,3400,""ЗАЖИГАЛКА ПЬЕЗО DARULL P-01 С ПОВТОРНОЙ ЗАПРАВКОЙ АРТ12801-3 1 шт"",3400,1,3400,,0,3400,1,;
3,128618,2020-09-14,211,10,1,5325,*4045357 БЗМЖ АКТ.Б/йог.кл/ябл/пит.150г,2999,1,2999,,0,5325,0,;
3,100040,2020-09-14,110,62,1,2300,Перевозка Разовый Льготный 2606 -> У,2300,1,2300,,2300,0,1,;
3,100048,2020-09-14,110,70,1,0,Перевозка Разовый Безденежн 2416 <=> Ф,0,1,0,,0,0,1,;
,3583,2020-09-14,19,2,1,15100,Винстон ХСенс Блю 153,15100,1,15100,15100,15100,0,8,15100;
3,37294,2020-09-14,32,1900,1,10000,Аванс за услуги связи 9237480299,10000,1,10000,,0,10000,1,;
3,37302,2020-09-14,33,4,1,5000,Аванс за услуги связи 9243738495,5000,1,5000,,0,5000,1,;
3,37313,2020-09-14,33,15,1,10000,Аванс за услуги связи 9293469806,10000,1,10000,,0,10000,1,;
3,88103,2020-09-14,28,5695,1,9900,Подписка ivi+ 6 = 99.00,9900,1,9900,,0,9900,1,;
3,71235,2020-09-14,20,2344,1,3000,Услуги связи,3000,1,3000,,0,3000,1,;
3,100052,2020-09-14,110,74,1,0,Перевозка Разовый Безденежн 2813 -> Р,0,1,0,,0,0,1,;
3,100054,2020-09-14,110,76,1,0,Перевозка Разовый Безденежн 2810 <=> Р,0,1,0,,0,0,1,;
,3431,2020-09-14,23,15,1,20600,ЛФ Блю  с\с 105,10300,2,20600,20600,20600,0,8,20600;
3,71242,2020-09-14,20,2351,1,64000,Услуги связи,64000,1,64000,,0,64000,1,;
3,121287,2020-09-14,89,181,1,70000,Аванс за услуги связи 9246926071,70000,1,70000,,0,70000,1,;
3,121312,2020-09-14,89,206,1,10000,Аванс за услуги связи 9205094707,10000,1,10000,,0,10000,1,;
3,128633,2020-09-14,211,25,1,31287,4050540 ВКУСН.Творог мягкий 5% 175г,4994,1,4994,,0,31287,0,;
3,128644,2020-09-14,211,36,1,8794,3021692 Банан ВЫГОДНО фас.1кг,5299,0.92,4875,,0,8794,0,;
3,86452,2020-09-14,40,751,1,100000,Услуги связи,100000,1,100000,,0,100000,1,;
3,71247,2020-09-14,20,2356,1,10000,Услуги связи,10000,1,10000,,0,10000,1,;
3,109316,2020-09-14,295,116,1,19200,РАЗОВЫЙ ПОЛНЫЙ,19200,1,19200,,19200,0,1,;
3,109320,2020-09-14,295,120,1,0,РАЗОВЫЙ БЕЗДЕНЕЖНЫЙ,0,1,0,,0,0,1,;
3,109333,2020-09-14,295,133,1,1200,РАЗОВЫЙ ЛЬГОТНЫЙ,1200,1,1200,,1200,0,1,;
3,8121,2020-09-14,85,12,1,25299,К/фр Джем Махеевъ Вишневый дой-пак 300г,10999,1,10999,,0,25299,1,;
3,17462,2020-09-14,213,1,1,2600,""Хлеб Крест. 1 сорт/упак 0.500"",2600,1,2600,2600,0,2600,1,2600;
3,57754,2020-09-14,377,30,1,5500,""Энергетический напиток """"Буллит"""" Классик 250мл"",5500,1,5500,5500,0,5500,8,5500;
3,57760,2020-09-14,377,36,1,17800,""Сигареты """"Винстон"""" Суперслимс синий"",15300,1,15300,17800,17800,0,8,17800;
3,108139,2020-09-14,323,386,1,10600,Паркер&Симпсон Компакт Блю,10600,1,10600,,10600,0,4,;
3,6690,2020-09-14,23,24,1,2000,0001 ПРОЕЗДНОЙ БИЛЕТ,2000,1,2000,2000,2000,0,8,2000;
3,6692,2020-09-14,23,26,1,2000,0001 ПРОЕЗДНОЙ БИЛЕТ,2000,1,2000,2000,2000,0,8,2000;
3,323,2020-09-14,29,3,1,95000,Возвратная тара,25000,2,50000,95000,45000,0,2,95000;
3,128647,2020-09-14,211,39,1,3817,*48188 Яблоки ГОЛДЕН 1кг,10999,0.18,1980,,0,3817,0,;
3,43436,2020-09-14,452,3,1,9700,""Нап-к Марочный газ в асс 0.5л пэт 1*12 ООО Сладкая жизнь"",2100,1,2100,9700,9700,0,8,9700;
3,141080,2020-09-14,199,46,1,30000, ВГЛ 2 Спорт  (Алгоритм определения выигрышей №1),10000,1,10000,30000,0,30000,1,30000;
3,182863,2020-09-14,287,42,1,3400,ЖР DIROL Арбузно-Дынный Коктейль 24х30х13.6г УУ-00,3400,1,3400,,0,3400,1,;
3,182885,2020-09-14,287,64,1,17400,Напитки Чай Липтон Зеленый 0.5л,5600,1,5600,,0,17400,1,;
3,182898,2020-09-14,287,77,1,15300,Сигареты WINSTON XS BLUE  (JTI),15300,1,15300,,0,15300,1,;
3,107362,2020-09-14,20,2489,1,10000,Аванс за услуги связи 9034287245,10000,1,10000,,0,10000,0,;
3,107334,2020-09-14,20,1897,1,15000,Аванс за услуги связи 9636175730,15000,1,15000,,0,15000,0,;
3,107340,2020-09-14,20,1903,1,5000,Аванс за услуги связи 9615061373,5000,1,5000,,0,5000,0,;
3,91844,2020-09-14,344,5,1,11100, ,11100,1,11100,,11100,0,8,;
3,89394,2020-09-14,350,65,1,14500,59684#HEETS Turquoise Label (стики),14500,1,14500,,14500,0,1,;
3,99029,2020-09-14,365,31,1,244233,31904#БЕНЗИН АИ-92-К5,4630,52.75,244233,,244233,0,1,;
3,324,2020-09-14,29,4,1,254000,Возвратная тара,100000,1,100000,254000,0,0,2,254000;
3,7421,2020-09-14,14,5,1,30000,""Капучино 0.6 1 порц."",18000,1,18000,0,0,30000,4,0;
3,7426,2020-09-14,14,10,1,6000,""Капучино 0.2 1 порц."",6000,1,6000,0,6000,0,4,0;
3,136100,2020-09-14,63,171,1,1000,Поездка по транспортной карте,1000,1,1000,,0,1000,1,;
3,136123,2020-09-14,63,194,1,1500,Поездка за наличные,1500,1,1500,,1500,0,1,;
3,136126,2020-09-14,63,197,1,1500,Поездка за наличные,1500,1,1500,,1500,0,1,;
3,140099,2020-09-14,205,163,1,20000, ВГЛ 4 Спорт  (Алгоритм определения выигрышей №2),10000,1,10000,20000,0,20000,1,20000;
3,140108,2020-09-14,205,172,1,5000, ВГЛ 2 Спорт  (Алгоритм определения выигрышей №5),5000,1,5000,5000,0,5000,1,5000;
3,71256,2020-09-14,20,2365,1,10000,Услуги связи,10000,1,10000,,0,10000,1,;
3,71280,2020-09-14,20,2389,1,20000,Услуги связи,20000,1,20000,,0,20000,1,;
3,227968,2020-09-14,54,325,1,2200,Поездка по транспортной карте,2200,1,2200,2200,0,2200,1,2200;
3,227977,2020-09-14,54,334,1,2300,Поездка за наличные,2300,1,2300,2300,2300,0,1,2300;
3,230211,2020-09-14,55,137,1,2300,Поездка за наличные,2300,1,2300,2300,2300,0,1,2300;
3,16280,2020-09-14,84,12,1,6000,М/В Славяновская Элита Ми,6000,1,6000,,0,6000,1,;
3,18945,2020-09-14,53,22,1,270000,Бензин АИ-95(АИ-95-К5),4500,60,270000,,0,270000,1,;
3,71287,2020-09-14,20,2396,1,50000,Услуги связи,50000,1,50000,,0,50000,1,;
3,27018,2020-09-14,49,6,1,1700,""Хлеб """"Формовой"""" 0.500"",1700,1,1700,1700,1700,0,32,1700;
3,27025,2020-09-14,49,13,1,5000,""Батон Классический"""""",2500,2,5000,5000,5000,0,32,5000;
3,66475,2020-09-14,349,172,1,10600,паркер Parker &Simpson Compact Blue 106                                                                   пс компакт синий165302,10600,1,10600,10600,10600,0,8,10600;
3,62569,2020-09-14,266,2,1,2100,ПРИХОД,2100,1,2100,2100,2100,0,1,2100;
3,71370,2020-09-14,377,14,1,20000,(3) Энергетический напиток ОЗВЕРИН в темном 0.45л,7000,1,7000,20000,0,20000,8,20000;
3,140109,2020-09-14,205,173,3,4000, ВГЛ 1 Спорт  (Алгоритм определения выигрышей №2),4000,1,4000,4000,0,4000,1,4000;
3,140110,2020-09-14,205,174,1,36000, ВГЛ 5 Спорт  (алгоритм определения выигрышей №6),36000,1,36000,36000,0,36000,1,36000;
3,71819,2020-09-14,570,39,1,3600,/*Кофе Американо Гранд /т/т,3600,1,3600,3600,3600,0,8,3600;
3,42083,2020-09-14,363,1,1,7500,Ж\п Натурелла нормал 20 шт Ежеднев в ассорт,7500,1,7500,0,7500,0,8,0;
3,116008,2020-09-14,360,6,1,25600,""Пиво св. <Балтика № 7 Премиум> 1.35 л"",12800,2,25600,0,25600,0,8,0;
3,121320,2020-09-14,89,214,1,100000,Аванс за услуги связи 9247630888,100000,1,100000,,0,100000,1,;
3,121347,2020-09-14,89,241,1,35000,Аванс за услуги связи 9272968710,35000,1,35000,,0,35000,1,;
,3434,2020-09-14,23,18,1,12000,Ротманс Деми 122,12000,1,12000,12000,12000,0,8,12000;
3,11011,2020-09-14,39,34,1,2000,""ХЛЕБ ДАРНИЦКИЙ  0.375"",2000,1,2000,0,2000,0,8,0;
3,100057,2020-09-14,110,79,1,0,Перевозка Разовый Безденежн 2204 <=> Ж,0,1,0,,0,0,1,;
3,100071,2020-09-14,110,93,1,14600,Перевозка Разовый Полный <=> П,14600,1,14600,,14600,0,1,;
3,71371,2020-09-14,377,15,1,25800,Сигареты ротманс деми клик....,12900,1,12900,25800,25800,0,8,25800;
3,71376,2020-09-14,377,20,1,15300,Сигареты WINSTON BLUE,15300,1,15300,15300,0,15300,8,15300;
3,99202,2020-09-14,653,12,1,2700,Пирожок с яблоком,2700,1,2700,0,2700,0,8,0;
3,99209,2020-09-14,653,19,1,3500,Хлеб белый из муки высшего сорта формовой,3500,1,3500,0,3500,0,8,0;
3,192163,2020-09-14,777,6,1,9900,Пирожок жареный с картофелем и сосиской,3200,2,6400,0,9900,0,8,0;
3,99060,2020-09-14,365,62,1,18900,679#Жев рез  Orbit  леденцы Лимон и мята,6300,1,6300,,18900,0,1,;
3,93974,2020-09-14,376,16,1,100000,31903#БЕНЗИН АИ-95-К5,5168,18.55,95866,,100000,0,1,;
3,182903,2020-09-14,287,82,1,3900,Звезды и советы спец.вып.,3900,1,3900,,3900,0,1,;
3,118924,2020-09-14,275,26,1,26000,Сигареты Rothmans Aero Blue Click (БАТ),13000,1,13000,,26000,0,1,;
3,118934,2020-09-14,275,36,1,3700,Спорт-экспресс,3700,1,3700,,3700,0,1,;
3,86475,2020-09-14,40,774,1,2000,Услуги связи,2000,1,2000,,0,2000,1,;
3,86495,2020-09-14,40,794,1,10000,Услуги связи,10000,1,10000,,0,10000,1,;
3,12167,2020-09-14,136,11,1,15400,Тaбaк,15400,1,15400,15400,0,15400,8,15400;
3,15286,2020-09-14,41,10,1,285397,ТРК 1 АИ-95 -K5,4799,59.47,285397,,0,285397,1,;
3,15295,2020-09-14,41,19,1,257238,ТРК 3 Shell V-Power-95 -K5,4852,38.02,184473,,0,257238,1,;
3,15298,2020-09-14,41,22,1,112153,ТРК 3 АИ-95 -K5,4799,23.37,112153,,0,112153,1,;
3,33019,2020-09-14,22,325,1,25000,Оплата услуг связи 79531919685,25000,1,25000,,0,25000,1,;
3,33023,2020-09-14,22,329,1,25000,Оплата услуг связи 79097488510,25000,1,25000,,0,25000,1,;
3,33028,2020-09-14,22,334,1,15000,Оплата услуг связи 79087933335,15000,1,15000,,0,15000,1,;
3,33052,2020-09-14,22,358,1,50000,Оплата услуг связи 79024565885,50000,1,50000,,0,50000,1,;
3,33054,2020-09-14,22,360,1,10000,Оплата услуг связи 79028093558,10000,1,10000,,0,10000,1,;
3,33065,2020-09-14,22,371,1,40000,Оплата услуг связи 79507384271,40000,1,40000,,0,40000,1,;
3,33078,2020-09-14,22,384,1,25000,Оплата услуг связи 79539619296,25000,1,25000,,0,25000,1,;
3,29764,2020-09-14,20,280,1,25000,Оплата услуг связи 79511316036,25000,1,25000,,0,25000,1,;
3,29773,2020-09-14,20,289,1,42000,Оплата услуг связи 79505252508,42000,1,42000,,0,42000,1,;
